PassengerId,Survived,Pclass,Sex,Age,SibSp,Parch,Fare,Embarked,FamilySize,IsAlone,Age_imputed,CabinDeck,TicketCount_x,TicketCount_y,TicketCount,Fare_outlier,Fare_capped,AgeGroup,Sex_numeric
1,0,3,male,22.0,1,0,7.25,S,2,False,22.0,Unknown,1,1,1,False,7.25,YoungAdult,0
2,1,1,female,38.0,1,0,71.2833,C,2,False,38.0,C,1,1,1,False,71.2833,Adult,1
3,1,3,female,26.0,0,0,7.925,S,1,True,26.0,Unknown,1,1,1,False,7.925,YoungAdult,1
4,1,1,female,35.0,1,0,53.1,S,2,False,35.0,C,2,2,2,False,53.1,Adult,1
5,0,3,male,35.0,0,0,8.05,S,1,True,35.0,Unknown,1,1,1,False,8.05,Adult,0
6,0,3,male,,0,0,8.4583,Q,1,True,25.0,Unknown,1,1,1,False,8.4583,YoungAdult,0
7,0,1,male,54.0,0,0,51.8625,S,1,True,54.0,E,1,1,1,False,51.8625,Adult,0
8,0,3,male,2.0,3,1,21.075,S,5,False,2.0,Unknown,4,4,4,False,21.075,Child,0
9,1,3,female,27.0,0,2,11.1333,S,3,False,27.0,Unknown,3,3,3,False,11.1333,YoungAdult,1
10,1,2,female,14.0,1,0,30.0708,C,2,False,14.0,Unknown,2,2,2,False,30.0708,Teen,1
11,1,3,female,4.0,1,1,16.7,S,3,False,4.0,G,2,2,2,False,16.7,Child,1
12,1,1,female,58.0,0,0,26.55,S,1,True,58.0,C,1,1,1,False,26.55,Adult,1
13,0,3,male,20.0,0,0,8.05,S,1,True,20.0,Unknown,1,1,1,False,8.05,YoungAdult,0
14,0,3,male,39.0,1,5,31.275,S,7,False,39.0,Unknown,7,7,7,False,31.275,Adult,0
15,0,3,female,14.0,0,0,7.8542,S,1,True,14.0,Unknown,1,1,1,False,7.8542,Teen,1
16,1,2,female,55.0,0,0,16.0,S,1,True,55.0,Unknown,1,1,1,False,16.0,Adult,1
17,0,3,male,2.0,4,1,29.125,Q,6,False,2.0,Unknown,5,5,5,False,29.125,Child,0
18,1,2,male,,0,0,13.0,S,1,True,30.0,Unknown,1,1,1,False,13.0,YoungAdult,0
19,0,3,female,31.0,1,0,18.0,S,2,False,31.0,Unknown,1,1,1,False,18.0,Adult,1
20,1,3,female,,0,0,7.225,C,1,True,21.5,Unknown,1,1,1,False,7.225,YoungAdult,1
21,0,2,male,35.0,0,0,26.0,S,1,True,35.0,Unknown,2,2,2,False,26.0,Adult,0
22,1,2,male,34.0,0,0,13.0,S,1,True,34.0,D,1,1,1,False,13.0,Adult,0
23,1,3,female,15.0,0,0,8.0292,Q,1,True,15.0,Unknown,1,1,1,False,8.0292,Teen,1
24,1,1,male,28.0,0,0,35.5,S,1,True,28.0,A,1,1,1,False,35.5,YoungAdult,0
25,0,3,female,8.0,3,1,21.075,S,5,False,8.0,Unknown,4,4,4,False,21.075,Child,1
26,1,3,female,38.0,1,5,31.3875,S,7,False,38.0,Unknown,4,4,4,False,31.3875,Adult,1
27,0,3,male,,0,0,7.225,C,1,True,25.0,Unknown,1,1,1,False,7.225,YoungAdult,0
28,0,1,male,19.0,3,2,263.0,S,6,False,19.0,C,4,4,4,True,249.00622000000035,YoungAdult,0
29,1,3,female,,0,0,7.8792,Q,1,True,21.5,Unknown,1,1,1,False,7.8792,YoungAdult,1
30,0,3,male,,0,0,7.8958,S,1,True,25.0,Unknown,1,1,1,False,7.8958,YoungAdult,0
31,0,1,male,40.0,0,0,27.7208,C,1,True,40.0,Unknown,1,1,1,False,27.7208,Adult,0
32,1,1,female,,1,0,146.5208,C,2,False,35.0,B,2,2,2,False,146.5208,Adult,1
33,1,3,female,,0,0,7.75,Q,1,True,21.5,Unknown,1,1,1,False,7.75,YoungAdult,1
34,0,2,male,66.0,0,0,10.5,S,1,True,66.0,Unknown,1,1,1,False,10.5,Senior,0
35,0,1,male,28.0,1,0,82.1708,C,2,False,28.0,Unknown,2,2,2,False,82.1708,YoungAdult,0
36,0,1,male,42.0,1,0,52.0,S,2,False,42.0,Unknown,2,2,2,False,52.0,Adult,0
37,1,3,male,,0,0,7.2292,C,1,True,25.0,Unknown,1,1,1,False,7.2292,YoungAdult,0
38,0,3,male,21.0,0,0,8.05,S,1,True,21.0,Unknown,1,1,1,False,8.05,YoungAdult,0
39,0,3,female,18.0,2,0,18.0,S,3,False,18.0,Unknown,2,2,2,False,18.0,YoungAdult,1
40,1,3,female,14.0,1,0,11.2417,C,2,False,14.0,Unknown,2,2,2,False,11.2417,Teen,1
41,0,3,female,40.0,1,0,9.475,S,2,False,40.0,Unknown,1,1,1,False,9.475,Adult,1
42,0,2,female,27.0,1,0,21.0,S,2,False,27.0,Unknown,2,2,2,False,21.0,YoungAdult,1
43,0,3,male,,0,0,7.8958,C,1,True,25.0,Unknown,1,1,1,False,7.8958,YoungAdult,0
44,1,2,female,3.0,1,2,41.5792,C,4,False,3.0,Unknown,3,3,3,False,41.5792,Child,1
45,1,3,female,19.0,0,0,7.8792,Q,1,True,19.0,Unknown,1,1,1,False,7.8792,YoungAdult,1
46,0,3,male,,0,0,8.05,S,1,True,25.0,Unknown,1,1,1,False,8.05,YoungAdult,0
47,0,3,male,,1,0,15.5,Q,2,False,25.0,Unknown,1,1,1,False,15.5,YoungAdult,0
48,1,3,female,,0,0,7.75,Q,1,True,21.5,Unknown,1,1,1,False,7.75,YoungAdult,1
49,0,3,male,,2,0,21.6792,C,3,False,25.0,Unknown,1,1,1,False,21.6792,YoungAdult,0
50,0,3,female,18.0,1,0,17.8,S,2,False,18.0,Unknown,2,2,2,False,17.8,YoungAdult,1
51,0,3,male,7.0,4,1,39.6875,S,6,False,7.0,Unknown,6,6,6,False,39.6875,Child,0
52,0,3,male,21.0,0,0,7.8,S,1,True,21.0,Unknown,1,1,1,False,7.8,YoungAdult,0
53,1,1,female,49.0,1,0,76.7292,C,2,False,49.0,D,3,3,3,False,76.7292,Adult,1
54,1,2,female,29.0,1,0,26.0,S,2,False,29.0,Unknown,1,1,1,False,26.0,YoungAdult,1
55,0,1,male,65.0,0,1,61.9792,C,2,False,65.0,B,1,1,1,False,61.9792,Senior,0
56,1,1,male,,0,0,35.5,S,1,True,40.0,C,1,1,1,False,35.5,Adult,0
57,1,2,female,21.0,0,0,10.5,S,1,True,21.0,Unknown,1,1,1,False,10.5,YoungAdult,1
58,0,3,male,28.5,0,0,7.2292,C,1,True,28.5,Unknown,1,1,1,False,7.2292,YoungAdult,0
59,1,2,female,5.0,1,2,27.75,S,4,False,5.0,Unknown,3,3,3,False,27.75,Child,1
60,0,3,male,11.0,5,2,46.9,S,8,False,11.0,Unknown,6,6,6,False,46.9,Child,0
61,0,3,male,22.0,0,0,7.2292,C,1,True,22.0,Unknown,1,1,1,False,7.2292,YoungAdult,0
62,1,1,female,38.0,0,0,80.0,S,1,True,38.0,B,2,2,2,False,80.0,Adult,1
63,0,1,male,45.0,1,0,83.475,S,2,False,45.0,C,2,2,2,False,83.475,Adult,0
64,0,3,male,4.0,3,2,27.9,S,6,False,4.0,Unknown,6,6,6,False,27.9,Child,0
65,0,1,male,,0,0,27.7208,C,1,True,40.0,Unknown,1,1,1,False,27.7208,Adult,0
66,1,3,male,,1,1,15.2458,C,3,False,25.0,Unknown,2,2,2,False,15.2458,YoungAdult,0
67,1,2,female,29.0,0,0,10.5,S,1,True,29.0,F,1,1,1,False,10.5,YoungAdult,1
68,0,3,male,19.0,0,0,8.1583,S,1,True,19.0,Unknown,1,1,1,False,8.1583,YoungAdult,0
69,1,3,female,17.0,4,2,7.925,S,7,False,17.0,Unknown,1,1,1,False,7.925,Teen,1
70,0,3,male,26.0,2,0,8.6625,S,3,False,26.0,Unknown,1,1,1,False,8.6625,YoungAdult,0
71,0,2,male,32.0,0,0,10.5,S,1,True,32.0,Unknown,1,1,1,False,10.5,Adult,0
72,0,3,female,16.0,5,2,46.9,S,8,False,16.0,Unknown,6,6,6,False,46.9,Teen,1
73,0,2,male,21.0,0,0,73.5,S,1,True,21.0,Unknown,5,5,5,False,73.5,YoungAdult,0
74,0,3,male,26.0,1,0,14.4542,C,2,False,26.0,Unknown,1,1,1,False,14.4542,YoungAdult,0
75,1,3,male,32.0,0,0,56.4958,S,1,True,32.0,Unknown,7,7,7,False,56.4958,Adult,0
76,0,3,male,25.0,0,0,7.65,S,1,True,25.0,F,1,1,1,False,7.65,YoungAdult,0
77,0,3,male,,0,0,7.8958,S,1,True,25.0,Unknown,1,1,1,False,7.8958,YoungAdult,0
78,0,3,male,,0,0,8.05,S,1,True,25.0,Unknown,1,1,1,False,8.05,YoungAdult,0
79,1,2,male,0.83,0,2,29.0,S,3,False,0.83,Unknown,2,2,2,False,29.0,Child,0
80,1,3,female,30.0,0,0,12.475,S,1,True,30.0,Unknown,2,2,2,False,12.475,YoungAdult,1
81,0,3,male,22.0,0,0,9.0,S,1,True,22.0,Unknown,1,1,1,False,9.0,YoungAdult,0
82,1,3,male,29.0,0,0,9.5,S,1,True,29.0,Unknown,1,1,1,False,9.5,YoungAdult,0
83,1,3,female,,0,0,7.7875,Q,1,True,21.5,Unknown,1,1,1,False,7.7875,YoungAdult,1
84,0,1,male,28.0,0,0,47.1,S,1,True,28.0,Unknown,1,1,1,False,47.1,YoungAdult,0
85,1,2,female,17.0,0,0,10.5,S,1,True,17.0,Unknown,1,1,1,False,10.5,Teen,1
86,1,3,female,33.0,3,0,15.85,S,4,False,33.0,Unknown,2,2,2,False,15.85,Adult,1
87,0,3,male,16.0,1,3,34.375,S,5,False,16.0,Unknown,4,4,4,False,34.375,Teen,0
88,0,3,male,,0,0,8.05,S,1,True,25.0,Unknown,1,1,1,False,8.05,YoungAdult,0
89,1,1,female,23.0,3,2,263.0,S,6,False,23.0,C,4,4,4,True,249.00622000000035,YoungAdult,1
90,0,3,male,24.0,0,0,8.05,S,1,True,24.0,Unknown,1,1,1,False,8.05,YoungAdult,0
91,0,3,male,29.0,0,0,8.05,S,1,True,29.0,Unknown,1,1,1,False,8.05,YoungAdult,0
92,0,3,male,20.0,0,0,7.8542,S,1,True,20.0,Unknown,1,1,1,False,7.8542,YoungAdult,0
93,0,1,male,46.0,1,0,61.175,S,2,False,46.0,E,1,1,1,False,61.175,Adult,0
94,0,3,male,26.0,1,2,20.575,S,4,False,26.0,Unknown,2,2,2,False,20.575,YoungAdult,0
95,0,3,male,59.0,0,0,7.25,S,1,True,59.0,Unknown,1,1,1,False,7.25,Adult,0
96,0,3,male,,0,0,8.05,S,1,True,25.0,Unknown,1,1,1,False,8.05,YoungAdult,0
97,0,1,male,71.0,0,0,34.6542,C,1,True,71.0,A,1,1,1,False,34.6542,Senior,0
98,1,1,male,23.0,0,1,63.3583,C,2,False,23.0,D,1,1,1,False,63.3583,YoungAdult,0
99,1,2,female,34.0,0,1,23.0,S,2,False,34.0,Unknown,2,2,2,False,23.0,Adult,1
100,0,2,male,34.0,1,0,26.0,S,2,False,34.0,Unknown,2,2,2,False,26.0,Adult,0
101,0,3,female,28.0,0,0,7.8958,S,1,True,28.0,Unknown,1,1,1,False,7.8958,YoungAdult,1
102,0,3,male,,0,0,7.8958,S,1,True,25.0,Unknown,1,1,1,False,7.8958,YoungAdult,0
103,0,1,male,21.0,0,1,77.2875,S,2,False,21.0,D,2,2,2,False,77.2875,YoungAdult,0
104,0,3,male,33.0,0,0,8.6542,S,1,True,33.0,Unknown,1,1,1,False,8.6542,Adult,0
105,0,3,male,37.0,2,0,7.925,S,3,False,37.0,Unknown,1,1,1,False,7.925,Adult,0
106,0,3,male,28.0,0,0,7.8958,S,1,True,28.0,Unknown,1,1,1,False,7.8958,YoungAdult,0
107,1,3,female,21.0,0,0,7.65,S,1,True,21.0,Unknown,1,1,1,False,7.65,YoungAdult,1
108,1,3,male,,0,0,7.775,S,1,True,25.0,Unknown,1,1,1,False,7.775,YoungAdult,0
109,0,3,male,38.0,0,0,7.8958,S,1,True,38.0,Unknown,1,1,1,False,7.8958,Adult,0
110,1,3,female,,1,0,24.15,Q,2,False,21.5,Unknown,3,3,3,False,24.15,YoungAdult,1
111,0,1,male,47.0,0,0,52.0,S,1,True,47.0,C,2,2,2,False,52.0,Adult,0
112,0,3,female,14.5,1,0,14.4542,C,2,False,14.5,Unknown,2,2,2,False,14.4542,Teen,1
113,0,3,male,22.0,0,0,8.05,S,1,True,22.0,Unknown,1,1,1,False,8.05,YoungAdult,0
114,0,3,female,20.0,1,0,9.825,S,2,False,20.0,Unknown,1,1,1,False,9.825,YoungAdult,1
115,0,3,female,17.0,0,0,14.4583,C,1,True,17.0,Unknown,2,2,2,False,14.4583,Teen,1
116,0,3,male,21.0,0,0,7.925,S,1,True,21.0,Unknown,1,1,1,False,7.925,YoungAdult,0
117,0,3,male,70.5,0,0,7.75,Q,1,True,70.5,Unknown,1,1,1,False,7.75,Senior,0
118,0,2,male,29.0,1,0,21.0,S,2,False,29.0,Unknown,2,2,2,False,21.0,YoungAdult,0
119,0,1,male,24.0,0,1,247.5208,C,2,False,24.0,B,2,2,2,False,247.5208,YoungAdult,0
120,0,3,female,2.0,4,2,31.275,S,7,False,2.0,Unknown,7,7,7,False,31.275,Child,1
121,0,2,male,21.0,2,0,73.5,S,3,False,21.0,Unknown,5,5,5,False,73.5,YoungAdult,0
122,0,3,male,,0,0,8.05,S,1,True,25.0,Unknown,1,1,1,False,8.05,YoungAdult,0
123,0,2,male,32.5,1,0,30.0708,C,2,False,32.5,Unknown,2,2,2,False,30.0708,Adult,0
124,1,2,female,32.5,0,0,13.0,S,1,True,32.5,E,1,1,1,False,13.0,Adult,1
125,0,1,male,54.0,0,1,77.2875,S,2,False,54.0,D,2,2,2,False,77.2875,Adult,0
126,1,3,male,12.0,1,0,11.2417,C,2,False,12.0,Unknown,2,2,2,False,11.2417,Teen,0
127,0,3,male,,0,0,7.75,Q,1,True,25.0,Unknown,1,1,1,False,7.75,YoungAdult,0
128,1,3,male,24.0,0,0,7.1417,S,1,True,24.0,Unknown,1,1,1,False,7.1417,YoungAdult,0
129,1,3,female,,1,1,22.3583,C,3,False,21.5,F,2,2,2,False,22.3583,YoungAdult,1
130,0,3,male,45.0,0,0,6.975,S,1,True,45.0,Unknown,1,1,1,False,6.975,Adult,0
131,0,3,male,33.0,0,0,7.8958,C,1,True,33.0,Unknown,1,1,1,False,7.8958,Adult,0
132,0,3,male,20.0,0,0,7.05,S,1,True,20.0,Unknown,1,1,1,False,7.05,YoungAdult,0
133,0,3,female,47.0,1,0,14.5,S,2,False,47.0,Unknown,1,1,1,False,14.5,Adult,1
134,1,2,female,29.0,1,0,26.0,S,2,False,29.0,Unknown,1,1,1,False,26.0,YoungAdult,1
135,0,2,male,25.0,0,0,13.0,S,1,True,25.0,Unknown,1,1,1,False,13.0,YoungAdult,0
136,0,2,male,23.0,0,0,15.0458,C,1,True,23.0,Unknown,1,1,1,False,15.0458,YoungAdult,0
137,1,1,female,19.0,0,2,26.2833,S,3,False,19.0,D,1,1,1,False,26.2833,YoungAdult,1
138,0,1,male,37.0,1,0,53.1,S,2,False,37.0,C,2,2,2,False,53.1,Adult,0
139,0,3,male,16.0,0,0,9.2167,S,1,True,16.0,Unknown,2,2,2,False,9.2167,Teen,0
140,0,1,male,24.0,0,0,79.2,C,1,True,24.0,B,2,2,2,False,79.2,YoungAdult,0
141,0,3,female,,0,2,15.2458,C,3,False,21.5,Unknown,2,2,2,False,15.2458,YoungAdult,1
142,1,3,female,22.0,0,0,7.75,S,1,True,22.0,Unknown,1,1,1,False,7.75,YoungAdult,1
143,1,3,female,24.0,1,0,15.85,S,2,False,24.0,Unknown,2,2,2,False,15.85,YoungAdult,1
144,0,3,male,19.0,0,0,6.75,Q,1,True,19.0,Unknown,1,1,1,False,6.75,YoungAdult,0
145,0,2,male,18.0,0,0,11.5,S,1,True,18.0,Unknown,1,1,1,False,11.5,YoungAdult,0
146,0,2,male,19.0,1,1,36.75,S,3,False,19.0,Unknown,2,2,2,False,36.75,YoungAdult,0
147,1,3,male,27.0,0,0,7.7958,S,1,True,27.0,Unknown,1,1,1,False,7.7958,YoungAdult,0
148,0,3,female,9.0,2,2,34.375,S,5,False,9.0,Unknown,4,4,4,False,34.375,Child,1
149,0,2,male,36.5,0,2,26.0,S,3,False,36.5,F,3,3,3,False,26.0,Adult,0
150,0,2,male,42.0,0,0,13.0,S,1,True,42.0,Unknown,1,1,1,False,13.0,Adult,0
151,0,2,male,51.0,0,0,12.525,S,1,True,51.0,Unknown,1,1,1,False,12.525,Adult,0
152,1,1,female,22.0,1,0,66.6,S,2,False,22.0,C,2,2,2,False,66.6,YoungAdult,1
153,0,3,male,55.5,0,0,8.05,S,1,True,55.5,Unknown,1,1,1,False,8.05,Adult,0
154,0,3,male,40.5,0,2,14.5,S,3,False,40.5,Unknown,1,1,1,False,14.5,Adult,0
155,0,3,male,,0,0,7.3125,S,1,True,25.0,Unknown,1,1,1,False,7.3125,YoungAdult,0
156,0,1,male,51.0,0,1,61.3792,C,2,False,51.0,Unknown,1,1,1,False,61.3792,Adult,0
157,1,3,female,16.0,0,0,7.7333,Q,1,True,16.0,Unknown,1,1,1,False,7.7333,Teen,1
158,0,3,male,30.0,0,0,8.05,S,1,True,30.0,Unknown,1,1,1,False,8.05,YoungAdult,0
159,0,3,male,,0,0,8.6625,S,1,True,25.0,Unknown,1,1,1,False,8.6625,YoungAdult,0
160,0,3,male,,8,2,69.55,S,11,False,25.0,Unknown,7,7,7,False,69.55,YoungAdult,0
161,0,3,male,44.0,0,1,16.1,S,2,False,44.0,Unknown,1,1,1,False,16.1,Adult,0
162,1,2,female,40.0,0,0,15.75,S,1,True,40.0,Unknown,1,1,1,False,15.75,Adult,1
163,0,3,male,26.0,0,0,7.775,S,1,True,26.0,Unknown,1,1,1,False,7.775,YoungAdult,0
164,0,3,male,17.0,0,0,8.6625,S,1,True,17.0,Unknown,1,1,1,False,8.6625,Teen,0
165,0,3,male,1.0,4,1,39.6875,S,6,False,1.0,Unknown,6,6,6,False,39.6875,Child,0
166,1,3,male,9.0,0,2,20.525,S,3,False,9.0,Unknown,3,3,3,False,20.525,Child,0
167,1,1,female,,0,1,55.0,S,2,False,35.0,E,2,2,2,False,55.0,Adult,1
168,0,3,female,45.0,1,4,27.9,S,6,False,45.0,Unknown,6,6,6,False,27.9,Adult,1
169,0,1,male,,0,0,25.925,S,1,True,40.0,Unknown,1,1,1,False,25.925,Adult,0
170,0,3,male,28.0,0,0,56.4958,S,1,True,28.0,Unknown,7,7,7,False,56.4958,YoungAdult,0
171,0,1,male,61.0,0,0,33.5,S,1,True,61.0,B,1,1,1,False,33.5,Senior,0
172,0,3,male,4.0,4,1,29.125,Q,6,False,4.0,Unknown,5,5,5,False,29.125,Child,0
173,1,3,female,1.0,1,1,11.1333,S,3,False,1.0,Unknown,3,3,3,False,11.1333,Child,1
174,0,3,male,21.0,0,0,7.925,S,1,True,21.0,Unknown,1,1,1,False,7.925,YoungAdult,0
175,0,1,male,56.0,0,0,30.6958,C,1,True,56.0,A,1,1,1,False,30.6958,Adult,0
176,0,3,male,18.0,1,1,7.8542,S,3,False,18.0,Unknown,1,1,1,False,7.8542,YoungAdult,0
177,0,3,male,,3,1,25.4667,S,5,False,25.0,Unknown,4,4,4,False,25.4667,YoungAdult,0
178,0,1,female,50.0,0,0,28.7125,C,1,True,50.0,C,1,1,1,False,28.7125,Adult,1
179,0,2,male,30.0,0,0,13.0,S,1,True,30.0,Unknown,1,1,1,False,13.0,YoungAdult,0
180,0,3,male,36.0,0,0,0.0,S,1,True,36.0,Unknown,4,4,4,False,0.0,Adult,0
181,0,3,female,,8,2,69.55,S,11,False,21.5,Unknown,7,7,7,False,69.55,YoungAdult,1
182,0,2,male,,0,0,15.05,C,1,True,30.0,Unknown,1,1,1,False,15.05,YoungAdult,0
183,0,3,male,9.0,4,2,31.3875,S,7,False,9.0,Unknown,4,4,4,False,31.3875,Child,0
184,1,2,male,1.0,2,1,39.0,S,4,False,1.0,F,2,2,2,False,39.0,Child,0
185,1,3,female,4.0,0,2,22.025,S,3,False,4.0,Unknown,1,1,1,False,22.025,Child,1
186,0,1,male,,0,0,50.0,S,1,True,40.0,A,1,1,1,False,50.0,Adult,0
187,1,3,female,,1,0,15.5,Q,2,False,21.5,Unknown,2,2,2,False,15.5,YoungAdult,1
188,1,1,male,45.0,0,0,26.55,S,1,True,45.0,Unknown,1,1,1,False,26.55,Adult,0
189,0,3,male,40.0,1,1,15.5,Q,3,False,40.0,Unknown,2,2,2,False,15.5,Adult,0
190,0,3,male,36.0,0,0,7.8958,S,1,True,36.0,Unknown,1,1,1,False,7.8958,Adult,0
191,1,2,female,32.0,0,0,13.0,S,1,True,32.0,Unknown,1,1,1,False,13.0,Adult,1
192,0,2,male,19.0,0,0,13.0,S,1,True,19.0,Unknown,1,1,1,False,13.0,YoungAdult,0
193,1,3,female,19.0,1,0,7.8542,S,2,False,19.0,Unknown,1,1,1,False,7.8542,YoungAdult,1
194,1,2,male,3.0,1,1,26.0,S,3,False,3.0,F,3,3,3,False,26.0,Child,0
195,1,1,female,44.0,0,0,27.7208,C,1,True,44.0,B,1,1,1,False,27.7208,Adult,1
196,1,1,female,58.0,0,0,146.5208,C,1,True,58.0,B,2,2,2,False,146.5208,Adult,1
197,0,3,male,,0,0,7.75,Q,1,True,25.0,Unknown,1,1,1,False,7.75,YoungAdult,0
198,0,3,male,42.0,0,1,8.4042,S,2,False,42.0,Unknown,1,1,1,False,8.4042,Adult,0
199,1,3,female,,0,0,7.75,Q,1,True,21.5,Unknown,1,1,1,False,7.75,YoungAdult,1
200,0,2,female,24.0,0,0,13.0,S,1,True,24.0,Unknown,1,1,1,False,13.0,YoungAdult,1
201,0,3,male,28.0,0,0,9.5,S,1,True,28.0,Unknown,1,1,1,False,9.5,YoungAdult,0
202,0,3,male,,8,2,69.55,S,11,False,25.0,Unknown,7,7,7,False,69.55,YoungAdult,0
203,0,3,male,34.0,0,0,6.4958,S,1,True,34.0,Unknown,1,1,1,False,6.4958,Adult,0
204,0,3,male,45.5,0,0,7.225,C,1,True,45.5,Unknown,1,1,1,False,7.225,Adult,0
205,1,3,male,18.0,0,0,8.05,S,1,True,18.0,Unknown,1,1,1,False,8.05,YoungAdult,0
206,0,3,female,2.0,0,1,10.4625,S,2,False,2.0,G,2,2,2,False,10.4625,Child,1
207,0,3,male,32.0,1,0,15.85,S,2,False,32.0,Unknown,2,2,2,False,15.85,Adult,0
208,1,3,male,26.0,0,0,18.7875,C,1,True,26.0,Unknown,2,2,2,False,18.7875,YoungAdult,0
209,1,3,female,16.0,0,0,7.75,Q,1,True,16.0,Unknown,1,1,1,False,7.75,Teen,1
210,1,1,male,40.0,0,0,31.0,C,1,True,40.0,A,1,1,1,False,31.0,Adult,0
211,0,3,male,24.0,0,0,7.05,S,1,True,24.0,Unknown,1,1,1,False,7.05,YoungAdult,0
212,1,2,female,35.0,0,0,21.0,S,1,True,35.0,Unknown,1,1,1,False,21.0,Adult,1
213,0,3,male,22.0,0,0,7.25,S,1,True,22.0,Unknown,1,1,1,False,7.25,YoungAdult,0
214,0,2,male,30.0,0,0,13.0,S,1,True,30.0,Unknown,1,1,1,False,13.0,YoungAdult,0
215,0,3,male,,1,0,7.75,Q,2,False,25.0,Unknown,1,1,1,False,7.75,YoungAdult,0
216,1,1,female,31.0,1,0,113.275,C,2,False,31.0,D,3,3,3,False,113.275,Adult,1
217,1,3,female,27.0,0,0,7.925,S,1,True,27.0,Unknown,1,1,1,False,7.925,YoungAdult,1
218,0,2,male,42.0,1,0,27.0,S,2,False,42.0,Unknown,2,2,2,False,27.0,Adult,0
219,1,1,female,32.0,0,0,76.2917,C,1,True,32.0,D,1,1,1,False,76.2917,Adult,1
220,0,2,male,30.0,0,0,10.5,S,1,True,30.0,Unknown,1,1,1,False,10.5,YoungAdult,0
221,1,3,male,16.0,0,0,8.05,S,1,True,16.0,Unknown,1,1,1,False,8.05,Teen,0
222,0,2,male,27.0,0,0,13.0,S,1,True,27.0,Unknown,1,1,1,False,13.0,YoungAdult,0
223,0,3,male,51.0,0,0,8.05,S,1,True,51.0,Unknown,1,1,1,False,8.05,Adult,0
224,0,3,male,,0,0,7.8958,S,1,True,25.0,Unknown,1,1,1,False,7.8958,YoungAdult,0
225,1,1,male,38.0,1,0,90.0,S,2,False,38.0,C,2,2,2,False,90.0,Adult,0
226,0,3,male,22.0,0,0,9.35,S,1,True,22.0,Unknown,1,1,1,False,9.35,YoungAdult,0
227,1,2,male,19.0,0,0,10.5,S,1,True,19.0,Unknown,1,1,1,False,10.5,YoungAdult,0
228,0,3,male,20.5,0,0,7.25,S,1,True,20.5,Unknown,1,1,1,False,7.25,YoungAdult,0
229,0,2,male,18.0,0,0,13.0,S,1,True,18.0,Unknown,1,1,1,False,13.0,YoungAdult,0
230,0,3,female,,3,1,25.4667,S,5,False,21.5,Unknown,4,4,4,False,25.4667,YoungAdult,1
231,1,1,female,35.0,1,0,83.475,S,2,False,35.0,C,2,2,2,False,83.475,Adult,1
232,0,3,male,29.0,0,0,7.775,S,1,True,29.0,Unknown,1,1,1,False,7.775,YoungAdult,0
233,0,2,male,59.0,0,0,13.5,S,1,True,59.0,Unknown,1,1,1,False,13.5,Adult,0
234,1,3,female,5.0,4,2,31.3875,S,7,False,5.0,Unknown,4,4,4,False,31.3875,Child,1
235,0,2,male,24.0,0,0,10.5,S,1,True,24.0,Unknown,1,1,1,False,10.5,YoungAdult,0
236,0,3,female,,0,0,7.55,S,1,True,21.5,Unknown,1,1,1,False,7.55,YoungAdult,1
237,0,2,male,44.0,1,0,26.0,S,2,False,44.0,Unknown,1,1,1,False,26.0,Adult,0
238,1,2,female,8.0,0,2,26.25,S,3,False,8.0,Unknown,3,3,3,False,26.25,Child,1
239,0,2,male,19.0,0,0,10.5,S,1,True,19.0,Unknown,1,1,1,False,10.5,YoungAdult,0
240,0,2,male,33.0,0,0,12.275,S,1,True,33.0,Unknown,1,1,1,False,12.275,Adult,0
241,0,3,female,,1,0,14.4542,C,2,False,21.5,Unknown,2,2,2,False,14.4542,YoungAdult,1
242,1,3,female,,1,0,15.5,Q,2,False,21.5,Unknown,2,2,2,False,15.5,YoungAdult,1
243,0,2,male,29.0,0,0,10.5,S,1,True,29.0,Unknown,1,1,1,False,10.5,YoungAdult,0
244,0,3,male,22.0,0,0,7.125,S,1,True,22.0,Unknown,1,1,1,False,7.125,YoungAdult,0
245,0,3,male,30.0,0,0,7.225,C,1,True,30.0,Unknown,1,1,1,False,7.225,YoungAdult,0
246,0,1,male,44.0,2,0,90.0,Q,3,False,44.0,C,2,2,2,False,90.0,Adult,0
247,0,3,female,25.0,0,0,7.775,S,1,True,25.0,Unknown,1,1,1,False,7.775,YoungAdult,1
248,1,2,female,24.0,0,2,14.5,S,3,False,24.0,Unknown,2,2,2,False,14.5,YoungAdult,1
249,1,1,male,37.0,1,1,52.5542,S,3,False,37.0,D,2,2,2,False,52.5542,Adult,0
250,0,2,male,54.0,1,0,26.0,S,2,False,54.0,Unknown,2,2,2,False,26.0,Adult,0
251,0,3,male,,0,0,7.25,S,1,True,25.0,Unknown,1,1,1,False,7.25,YoungAdult,0
252,0,3,female,29.0,1,1,10.4625,S,3,False,29.0,G,2,2,2,False,10.4625,YoungAdult,1
253,0,1,male,62.0,0,0,26.55,S,1,True,62.0,C,1,1,1,False,26.55,Senior,0
254,0,3,male,30.0,1,0,16.1,S,2,False,30.0,Unknown,2,2,2,False,16.1,YoungAdult,0
255,0,3,female,41.0,0,2,20.2125,S,3,False,41.0,Unknown,2,2,2,False,20.2125,Adult,1
256,1,3,female,29.0,0,2,15.2458,C,3,False,29.0,Unknown,1,1,1,False,15.2458,YoungAdult,1
257,1,1,female,,0,0,79.2,C,1,True,35.0,Unknown,1,1,1,False,79.2,Adult,1
258,1,1,female,30.0,0,0,86.5,S,1,True,30.0,B,3,3,3,False,86.5,YoungAdult,1
259,1,1,female,35.0,0,0,512.3292,C,1,True,35.0,Unknown,3,3,3,True,249.00622000000035,Adult,1
260,1,2,female,50.0,0,1,26.0,S,2,False,50.0,Unknown,2,2,2,False,26.0,Adult,1
261,0,3,male,,0,0,7.75,Q,1,True,25.0,Unknown,1,1,1,False,7.75,YoungAdult,0
262,1,3,male,3.0,4,2,31.3875,S,7,False,3.0,Unknown,4,4,4,False,31.3875,Child,0
263,0,1,male,52.0,1,1,79.65,S,3,False,52.0,E,3,3,3,False,79.65,Adult,0
264,0,1,male,40.0,0,0,0.0,S,1,True,40.0,B,1,1,1,False,0.0,Adult,0
265,0,3,female,,0,0,7.75,Q,1,True,21.5,Unknown,1,1,1,False,7.75,YoungAdult,1
266,0,2,male,36.0,0,0,10.5,S,1,True,36.0,Unknown,1,1,1,False,10.5,Adult,0
267,0,3,male,16.0,4,1,39.6875,S,6,False,16.0,Unknown,6,6,6,False,39.6875,Teen,0
268,1,3,male,25.0,1,0,7.775,S,2,False,25.0,Unknown,1,1,1,False,7.775,YoungAdult,0
269,1,1,female,58.0,0,1,153.4625,S,2,False,58.0,C,3,3,3,False,153.4625,Adult,1
270,1,1,female,35.0,0,0,135.6333,S,1,True,35.0,C,3,3,3,False,135.6333,Adult,1
271,0,1,male,,0,0,31.0,S,1,True,40.0,Unknown,2,2,2,False,31.0,Adult,0
272,1,3,male,25.0,0,0,0.0,S,1,True,25.0,Unknown,4,4,4,False,0.0,YoungAdult,0
273,1,2,female,41.0,0,1,19.5,S,2,False,41.0,Unknown,2,2,2,False,19.5,Adult,1
274,0,1,male,37.0,0,1,29.7,C,2,False,37.0,C,1,1,1,False,29.7,Adult,0
275,1,3,female,,0,0,7.75,Q,1,True,21.5,Unknown,1,1,1,False,7.75,YoungAdult,1
276,1,1,female,63.0,1,0,77.9583,S,2,False,63.0,D,3,3,3,False,77.9583,Senior,1
277,0,3,female,45.0,0,0,7.75,S,1,True,45.0,Unknown,1,1,1,False,7.75,Adult,1
278,0,2,male,,0,0,0.0,S,1,True,30.0,Unknown,3,3,3,False,0.0,YoungAdult,0
279,0,3,male,7.0,4,1,29.125,Q,6,False,7.0,Unknown,5,5,5,False,29.125,Child,0
280,1,3,female,35.0,1,1,20.25,S,3,False,35.0,Unknown,2,2,2,False,20.25,Adult,1
281,0,3,male,65.0,0,0,7.75,Q,1,True,65.0,Unknown,1,1,1,False,7.75,Senior,0
282,0,3,male,28.0,0,0,7.8542,S,1,True,28.0,Unknown,1,1,1,False,7.8542,YoungAdult,0
283,0,3,male,16.0,0,0,9.5,S,1,True,16.0,Unknown,1,1,1,False,9.5,Teen,0
284,1,3,male,19.0,0,0,8.05,S,1,True,19.0,Unknown,1,1,1,False,8.05,YoungAdult,0
285,0,1,male,,0,0,26.0,S,1,True,40.0,A,1,1,1,False,26.0,Adult,0
286,0,3,male,33.0,0,0,8.6625,C,1,True,33.0,Unknown,1,1,1,False,8.6625,Adult,0
287,1,3,male,30.0,0,0,9.5,S,1,True,30.0,Unknown,1,1,1,False,9.5,YoungAdult,0
288,0,3,male,22.0,0,0,7.8958,S,1,True,22.0,Unknown,1,1,1,False,7.8958,YoungAdult,0
289,1,2,male,42.0,0,0,13.0,S,1,True,42.0,Unknown,1,1,1,False,13.0,Adult,0
290,1,3,female,22.0,0,0,7.75,Q,1,True,22.0,Unknown,1,1,1,False,7.75,YoungAdult,1
291,1,1,female,26.0,0,0,78.85,S,1,True,26.0,Unknown,2,2,2,False,78.85,YoungAdult,1
292,1,1,female,19.0,1,0,91.0792,C,2,False,19.0,B,2,2,2,False,91.0792,YoungAdult,1
293,0,2,male,36.0,0,0,12.875,C,1,True,36.0,D,1,1,1,False,12.875,Adult,0
294,0,3,female,24.0,0,0,8.85,S,1,True,24.0,Unknown,1,1,1,False,8.85,YoungAdult,1
295,0,3,male,24.0,0,0,7.8958,S,1,True,24.0,Unknown,1,1,1,False,7.8958,YoungAdult,0
296,0,1,male,,0,0,27.7208,C,1,True,40.0,Unknown,1,1,1,False,27.7208,Adult,0
297,0,3,male,23.5,0,0,7.2292,C,1,True,23.5,Unknown,1,1,1,False,7.2292,YoungAdult,0
298,0,1,female,2.0,1,2,151.55,S,4,False,2.0,C,4,4,4,False,151.55,Child,1
299,1,1,male,,0,0,30.5,S,1,True,40.0,C,1,1,1,False,30.5,Adult,0
300,1,1,female,50.0,0,1,247.5208,C,2,False,50.0,B,2,2,2,False,247.5208,Adult,1
301,1,3,female,,0,0,7.75,Q,1,True,21.5,Unknown,1,1,1,False,7.75,YoungAdult,1
302,1,3,male,,2,0,23.25,Q,3,False,25.0,Unknown,2,2,2,False,23.25,YoungAdult,0
303,0,3,male,19.0,0,0,0.0,S,1,True,19.0,Unknown,4,4,4,False,0.0,YoungAdult,0
304,1,2,female,,0,0,12.35,Q,1,True,28.0,E,1,1,1,False,12.35,YoungAdult,1
305,0,3,male,,0,0,8.05,S,1,True,25.0,Unknown,1,1,1,False,8.05,YoungAdult,0
306,1,1,male,0.92,1,2,151.55,S,4,False,0.92,C,4,4,4,False,151.55,Child,0
307,1,1,female,,0,0,110.8833,C,1,True,35.0,Unknown,4,4,4,False,110.8833,Adult,1
308,1,1,female,17.0,1,0,108.9,C,2,False,17.0,C,2,2,2,False,108.9,Teen,1
309,0,2,male,30.0,1,0,24.0,C,2,False,30.0,Unknown,2,2,2,False,24.0,YoungAdult,0
310,1,1,female,30.0,0,0,56.9292,C,1,True,30.0,E,2,2,2,False,56.9292,YoungAdult,1
311,1,1,female,24.0,0,0,83.1583,C,1,True,24.0,C,2,2,2,False,83.1583,YoungAdult,1
312,1,1,female,18.0,2,2,262.375,C,5,False,18.0,B,2,2,2,True,249.00622000000035,YoungAdult,1
313,0,2,female,26.0,1,1,26.0,S,3,False,26.0,Unknown,1,1,1,False,26.0,YoungAdult,1
314,0,3,male,28.0,0,0,7.8958,S,1,True,28.0,Unknown,1,1,1,False,7.8958,YoungAdult,0
315,0,2,male,43.0,1,1,26.25,S,3,False,43.0,Unknown,3,3,3,False,26.25,Adult,0
316,1,3,female,26.0,0,0,7.8542,S,1,True,26.0,Unknown,1,1,1,False,7.8542,YoungAdult,1
317,1,2,female,24.0,1,0,26.0,S,2,False,24.0,Unknown,2,2,2,False,26.0,YoungAdult,1
318,0,2,male,54.0,0,0,14.0,S,1,True,54.0,Unknown,1,1,1,False,14.0,Adult,0
319,1,1,female,31.0,0,2,164.8667,S,3,False,31.0,C,2,2,2,False,164.8667,Adult,1
320,1,1,female,40.0,1,1,134.5,C,3,False,40.0,E,2,2,2,False,134.5,Adult,1
321,0,3,male,22.0,0,0,7.25,S,1,True,22.0,Unknown,1,1,1,False,7.25,YoungAdult,0
322,0,3,male,27.0,0,0,7.8958,S,1,True,27.0,Unknown,1,1,1,False,7.8958,YoungAdult,0
323,1,2,female,30.0,0,0,12.35,Q,1,True,30.0,Unknown,1,1,1,False,12.35,YoungAdult,1
324,1,2,female,22.0,1,1,29.0,S,3,False,22.0,Unknown,2,2,2,False,29.0,YoungAdult,1
325,0,3,male,,8,2,69.55,S,11,False,25.0,Unknown,7,7,7,False,69.55,YoungAdult,0
326,1,1,female,36.0,0,0,135.6333,C,1,True,36.0,C,3,3,3,False,135.6333,Adult,1
327,0,3,male,61.0,0,0,6.2375,S,1,True,61.0,Unknown,1,1,1,False,6.2375,Senior,0
328,1,2,female,36.0,0,0,13.0,S,1,True,36.0,D,1,1,1,False,13.0,Adult,1
329,1,3,female,31.0,1,1,20.525,S,3,False,31.0,Unknown,3,3,3,False,20.525,Adult,1
330,1,1,female,16.0,0,1,57.9792,C,2,False,16.0,B,2,2,2,False,57.9792,Teen,1
331,1,3,female,,2,0,23.25,Q,3,False,21.5,Unknown,2,2,2,False,23.25,YoungAdult,1
332,0,1,male,45.5,0,0,28.5,S,1,True,45.5,C,1,1,1,False,28.5,Adult,0
333,0,1,male,38.0,0,1,153.4625,S,2,False,38.0,C,3,3,3,False,153.4625,Adult,0
334,0,3,male,16.0,2,0,18.0,S,3,False,16.0,Unknown,2,2,2,False,18.0,Teen,0
335,1,1,female,,1,0,133.65,S,2,False,35.0,Unknown,2,2,2,False,133.65,Adult,1
336,0,3,male,,0,0,7.8958,S,1,True,25.0,Unknown,1,1,1,False,7.8958,YoungAdult,0
337,0,1,male,29.0,1,0,66.6,S,2,False,29.0,C,2,2,2,False,66.6,YoungAdult,0
338,1,1,female,41.0,0,0,134.5,C,1,True,41.0,E,2,2,2,False,134.5,Adult,1
339,1,3,male,45.0,0,0,8.05,S,1,True,45.0,Unknown,1,1,1,False,8.05,Adult,0
340,0,1,male,45.0,0,0,35.5,S,1,True,45.0,T,1,1,1,False,35.5,Adult,0
341,1,2,male,2.0,1,1,26.0,S,3,False,2.0,F,3,3,3,False,26.0,Child,0
342,1,1,female,24.0,3,2,263.0,S,6,False,24.0,C,4,4,4,True,249.00622000000035,YoungAdult,1
343,0,2,male,28.0,0,0,13.0,S,1,True,28.0,Unknown,1,1,1,False,13.0,YoungAdult,0
344,0,2,male,25.0,0,0,13.0,S,1,True,25.0,Unknown,1,1,1,False,13.0,YoungAdult,0
345,0,2,male,36.0,0,0,13.0,S,1,True,36.0,Unknown,1,1,1,False,13.0,Adult,0
346,1,2,female,24.0,0,0,13.0,S,1,True,24.0,F,1,1,1,False,13.0,YoungAdult,1
347,1,2,female,40.0,0,0,13.0,S,1,True,40.0,Unknown,1,1,1,False,13.0,Adult,1
348,1,3,female,,1,0,16.1,S,2,False,21.5,Unknown,1,1,1,False,16.1,YoungAdult,1
349,1,3,male,3.0,1,1,15.9,S,3,False,3.0,Unknown,2,2,2,False,15.9,Child,0
350,0,3,male,42.0,0,0,8.6625,S,1,True,42.0,Unknown,1,1,1,False,8.6625,Adult,0
351,0,3,male,23.0,0,0,9.225,S,1,True,23.0,Unknown,1,1,1,False,9.225,YoungAdult,0
352,0,1,male,,0,0,35.0,S,1,True,40.0,C,1,1,1,False,35.0,Adult,0
353,0,3,male,15.0,1,1,7.2292,C,3,False,15.0,Unknown,1,1,1,False,7.2292,Teen,0
354,0,3,male,25.0,1,0,17.8,S,2,False,25.0,Unknown,2,2,2,False,17.8,YoungAdult,0
355,0,3,male,,0,0,7.225,C,1,True,25.0,Unknown,1,1,1,False,7.225,YoungAdult,0
356,0,3,male,28.0,0,0,9.5,S,1,True,28.0,Unknown,1,1,1,False,9.5,YoungAdult,0
357,1,1,female,22.0,0,1,55.0,S,2,False,22.0,E,2,2,2,False,55.0,YoungAdult,1
358,0,2,female,38.0,0,0,13.0,S,1,True,38.0,Unknown,1,1,1,False,13.0,Adult,1
359,1,3,female,,0,0,7.8792,Q,1,True,21.5,Unknown,1,1,1,False,7.8792,YoungAdult,1
360,1,3,female,,0,0,7.8792,Q,1,True,21.5,Unknown,1,1,1,False,7.8792,YoungAdult,1
361,0,3,male,40.0,1,4,27.9,S,6,False,40.0,Unknown,6,6,6,False,27.9,Adult,0
362,0,2,male,29.0,1,0,27.7208,C,2,False,29.0,Unknown,1,1,1,False,27.7208,YoungAdult,0
363,0,3,female,45.0,0,1,14.4542,C,2,False,45.0,Unknown,2,2,2,False,14.4542,Adult,1
364,0,3,male,35.0,0,0,7.05,S,1,True,35.0,Unknown,1,1,1,False,7.05,Adult,0
365,0,3,male,,1,0,15.5,Q,2,False,25.0,Unknown,2,2,2,False,15.5,YoungAdult,0
366,0,3,male,30.0,0,0,7.25,S,1,True,30.0,Unknown,1,1,1,False,7.25,YoungAdult,0
367,1,1,female,60.0,1,0,75.25,C,2,False,60.0,D,1,1,1,False,75.25,Adult,1
368,1,3,female,,0,0,7.2292,C,1,True,21.5,Unknown,1,1,1,False,7.2292,YoungAdult,1
369,1,3,female,,0,0,7.75,Q,1,True,21.5,Unknown,1,1,1,False,7.75,YoungAdult,1
370,1,1,female,24.0,0,0,69.3,C,1,True,24.0,B,2,2,2,False,69.3,YoungAdult,1
371,1,1,male,25.0,1,0,55.4417,C,2,False,25.0,E,1,1,1,False,55.4417,YoungAdult,0
372,0,3,male,18.0,1,0,6.4958,S,2,False,18.0,Unknown,1,1,1,False,6.4958,YoungAdult,0
373,0,3,male,19.0,0,0,8.05,S,1,True,19.0,Unknown,1,1,1,False,8.05,YoungAdult,0
374,0,1,male,22.0,0,0,135.6333,C,1,True,22.0,Unknown,3,3,3,False,135.6333,YoungAdult,0
375,0,3,female,3.0,3,1,21.075,S,5,False,3.0,Unknown,4,4,4,False,21.075,Child,1
376,1,1,female,,1,0,82.1708,C,2,False,35.0,Unknown,2,2,2,False,82.1708,Adult,1
377,1,3,female,22.0,0,0,7.25,S,1,True,22.0,Unknown,1,1,1,False,7.25,YoungAdult,1
378,0,1,male,27.0,0,2,211.5,C,3,False,27.0,C,1,1,1,False,211.5,YoungAdult,0
379,0,3,male,20.0,0,0,4.0125,C,1,True,20.0,Unknown,1,1,1,False,4.0125,YoungAdult,0
380,0,3,male,19.0,0,0,7.775,S,1,True,19.0,Unknown,1,1,1,False,7.775,YoungAdult,0
381,1,1,female,42.0,0,0,227.525,C,1,True,42.0,Unknown,4,4,4,False,227.525,Adult,1
382,1,3,female,1.0,0,2,15.7417,C,3,False,1.0,Unknown,2,2,2,False,15.7417,Child,1
383,0,3,male,32.0,0,0,7.925,S,1,True,32.0,Unknown,1,1,1,False,7.925,Adult,0
384,1,1,female,35.0,1,0,52.0,S,2,False,35.0,Unknown,2,2,2,False,52.0,Adult,1
385,0,3,male,,0,0,7.8958,S,1,True,25.0,Unknown,1,1,1,False,7.8958,YoungAdult,0
386,0,2,male,18.0,0,0,73.5,S,1,True,18.0,Unknown,5,5,5,False,73.5,YoungAdult,0
387,0,3,male,1.0,5,2,46.9,S,8,False,1.0,Unknown,6,6,6,False,46.9,Child,0
388,1,2,female,36.0,0,0,13.0,S,1,True,36.0,Unknown,1,1,1,False,13.0,Adult,1
389,0,3,male,,0,0,7.7292,Q,1,True,25.0,Unknown,1,1,1,False,7.7292,YoungAdult,0
390,1,2,female,17.0,0,0,12.0,C,1,True,17.0,Unknown,1,1,1,False,12.0,Teen,1
391,1,1,male,36.0,1,2,120.0,S,4,False,36.0,B,4,4,4,False,120.0,Adult,0
392,1,3,male,21.0,0,0,7.7958,S,1,True,21.0,Unknown,1,1,1,False,7.7958,YoungAdult,0
393,0,3,male,28.0,2,0,7.925,S,3,False,28.0,Unknown,1,1,1,False,7.925,YoungAdult,0
394,1,1,female,23.0,1,0,113.275,C,2,False,23.0,D,3,3,3,False,113.275,YoungAdult,1
395,1,3,female,24.0,0,2,16.7,S,3,False,24.0,G,2,2,2,False,16.7,YoungAdult,1
396,0,3,male,22.0,0,0,7.7958,S,1,True,22.0,Unknown,1,1,1,False,7.7958,YoungAdult,0
397,0,3,female,31.0,0,0,7.8542,S,1,True,31.0,Unknown,1,1,1,False,7.8542,Adult,1
398,0,2,male,46.0,0,0,26.0,S,1,True,46.0,Unknown,2,2,2,False,26.0,Adult,0
399,0,2,male,23.0,0,0,10.5,S,1,True,23.0,Unknown,1,1,1,False,10.5,YoungAdult,0
400,1,2,female,28.0,0,0,12.65,S,1,True,28.0,Unknown,1,1,1,False,12.65,YoungAdult,1
401,1,3,male,39.0,0,0,7.925,S,1,True,39.0,Unknown,1,1,1,False,7.925,Adult,0
402,0,3,male,26.0,0,0,8.05,S,1,True,26.0,Unknown,1,1,1,False,8.05,YoungAdult,0
403,0,3,female,21.0,1,0,9.825,S,2,False,21.0,Unknown,1,1,1,False,9.825,YoungAdult,1
404,0,3,male,28.0,1,0,15.85,S,2,False,28.0,Unknown,2,2,2,False,15.85,YoungAdult,0
405,0,3,female,20.0,0,0,8.6625,S,1,True,20.0,Unknown,1,1,1,False,8.6625,YoungAdult,1
406,0,2,male,34.0,1,0,21.0,S,2,False,34.0,Unknown,1,1,1,False,21.0,Adult,0
407,0,3,male,51.0,0,0,7.75,S,1,True,51.0,Unknown,1,1,1,False,7.75,Adult,0
408,1,2,male,3.0,1,1,18.75,S,3,False,3.0,Unknown,3,3,3,False,18.75,Child,0
409,0,3,male,21.0,0,0,7.775,S,1,True,21.0,Unknown,1,1,1,False,7.775,YoungAdult,0
410,0,3,female,,3,1,25.4667,S,5,False,21.5,Unknown,4,4,4,False,25.4667,YoungAdult,1
411,0,3,male,,0,0,7.8958,S,1,True,25.0,Unknown,1,1,1,False,7.8958,YoungAdult,0
412,0,3,male,,0,0,6.8583,Q,1,True,25.0,Unknown,1,1,1,False,6.8583,YoungAdult,0
413,1,1,female,33.0,1,0,90.0,Q,2,False,33.0,C,2,2,2,False,90.0,Adult,1
414,0,2,male,,0,0,0.0,S,1,True,30.0,Unknown,3,3,3,False,0.0,YoungAdult,0
415,1,3,male,44.0,0,0,7.925,S,1,True,44.0,Unknown,1,1,1,False,7.925,Adult,0
416,0,3,female,,0,0,8.05,S,1,True,21.5,Unknown,1,1,1,False,8.05,YoungAdult,1
417,1,2,female,34.0,1,1,32.5,S,3,False,34.0,Unknown,1,1,1,False,32.5,Adult,1
418,1,2,female,18.0,0,2,13.0,S,3,False,18.0,Unknown,1,1,1,False,13.0,YoungAdult,1
419,0,2,male,30.0,0,0,13.0,S,1,True,30.0,Unknown,1,1,1,False,13.0,YoungAdult,0
420,0,3,female,10.0,0,2,24.15,S,3,False,10.0,Unknown,3,3,3,False,24.15,Child,1
421,0,3,male,,0,0,7.8958,C,1,True,25.0,Unknown,1,1,1,False,7.8958,YoungAdult,0
422,0,3,male,21.0,0,0,7.7333,Q,1,True,21.0,Unknown,1,1,1,False,7.7333,YoungAdult,0
423,0,3,male,29.0,0,0,7.875,S,1,True,29.0,Unknown,1,1,1,False,7.875,YoungAdult,0
424,0,3,female,28.0,1,1,14.4,S,3,False,28.0,Unknown,2,2,2,False,14.4,YoungAdult,1
425,0,3,male,18.0,1,1,20.2125,S,3,False,18.0,Unknown,2,2,2,False,20.2125,YoungAdult,0
426,0,3,male,,0,0,7.25,S,1,True,25.0,Unknown,1,1,1,False,7.25,YoungAdult,0
427,1,2,female,28.0,1,0,26.0,S,2,False,28.0,Unknown,1,1,1,False,26.0,YoungAdult,1
428,1,2,female,19.0,0,0,26.0,S,1,True,19.0,Unknown,2,2,2,False,26.0,YoungAdult,1
429,0,3,male,,0,0,7.75,Q,1,True,25.0,Unknown,1,1,1,False,7.75,YoungAdult,0
430,1,3,male,32.0,0,0,8.05,S,1,True,32.0,E,1,1,1,False,8.05,Adult,0
431,1,1,male,28.0,0,0,26.55,S,1,True,28.0,C,1,1,1,False,26.55,YoungAdult,0
432,1,3,female,,1,0,16.1,S,2,False,21.5,Unknown,2,2,2,False,16.1,YoungAdult,1
433,1,2,female,42.0,1,0,26.0,S,2,False,42.0,Unknown,1,1,1,False,26.0,Adult,1
434,0,3,male,17.0,0,0,7.125,S,1,True,17.0,Unknown,1,1,1,False,7.125,Teen,0
435,0,1,male,50.0,1,0,55.9,S,2,False,50.0,E,2,2,2,False,55.9,Adult,0
436,1,1,female,14.0,1,2,120.0,S,4,False,14.0,B,4,4,4,False,120.0,Teen,1
437,0,3,female,21.0,2,2,34.375,S,5,False,21.0,Unknown,4,4,4,False,34.375,YoungAdult,1
438,1,2,female,24.0,2,3,18.75,S,6,False,24.0,Unknown,3,3,3,False,18.75,YoungAdult,1
439,0,1,male,64.0,1,4,263.0,S,6,False,64.0,C,4,4,4,True,249.00622000000035,Senior,0
440,0,2,male,31.0,0,0,10.5,S,1,True,31.0,Unknown,1,1,1,False,10.5,Adult,0
441,1,2,female,45.0,1,1,26.25,S,3,False,45.0,Unknown,3,3,3,False,26.25,Adult,1
442,0,3,male,20.0,0,0,9.5,S,1,True,20.0,Unknown,1,1,1,False,9.5,YoungAdult,0
443,0,3,male,25.0,1,0,7.775,S,2,False,25.0,Unknown,1,1,1,False,7.775,YoungAdult,0
444,1,2,female,28.0,0,0,13.0,S,1,True,28.0,Unknown,1,1,1,False,13.0,YoungAdult,1
445,1,3,male,,0,0,8.1125,S,1,True,25.0,Unknown,1,1,1,False,8.1125,YoungAdult,0
446,1,1,male,4.0,0,2,81.8583,S,3,False,4.0,A,1,1,1,False,81.8583,Child,0
447,1,2,female,13.0,0,1,19.5,S,2,False,13.0,Unknown,2,2,2,False,19.5,Teen,1
448,1,1,male,34.0,0,0,26.55,S,1,True,34.0,Unknown,1,1,1,False,26.55,Adult,0
449,1,3,female,5.0,2,1,19.2583,C,4,False,5.0,Unknown,4,4,4,False,19.2583,Child,1
450,1,1,male,52.0,0,0,30.5,S,1,True,52.0,C,1,1,1,False,30.5,Adult,0
451,0,2,male,36.0,1,2,27.75,S,4,False,36.0,Unknown,3,3,3,False,27.75,Adult,0
452,0,3,male,,1,0,19.9667,S,2,False,25.0,Unknown,1,1,1,False,19.9667,YoungAdult,0
453,0,1,male,30.0,0,0,27.75,C,1,True,30.0,C,1,1,1,False,27.75,YoungAdult,0
454,1,1,male,49.0,1,0,89.1042,C,2,False,49.0,C,2,2,2,False,89.1042,Adult,0
455,0,3,male,,0,0,8.05,S,1,True,25.0,Unknown,1,1,1,False,8.05,YoungAdult,0
456,1,3,male,29.0,0,0,7.8958,C,1,True,29.0,Unknown,1,1,1,False,7.8958,YoungAdult,0
457,0,1,male,65.0,0,0,26.55,S,1,True,65.0,E,1,1,1,False,26.55,Senior,0
458,1,1,female,,1,0,51.8625,S,2,False,35.0,D,1,1,1,False,51.8625,Adult,1
459,1,2,female,50.0,0,0,10.5,S,1,True,50.0,Unknown,1,1,1,False,10.5,Adult,1
460,0,3,male,,0,0,7.75,Q,1,True,25.0,Unknown,1,1,1,False,7.75,YoungAdult,0
461,1,1,male,48.0,0,0,26.55,S,1,True,48.0,E,1,1,1,False,26.55,Adult,0
462,0,3,male,34.0,0,0,8.05,S,1,True,34.0,Unknown,1,1,1,False,8.05,Adult,0
463,0,1,male,47.0,0,0,38.5,S,1,True,47.0,E,1,1,1,False,38.5,Adult,0
464,0,2,male,48.0,0,0,13.0,S,1,True,48.0,Unknown,1,1,1,False,13.0,Adult,0
465,0,3,male,,0,0,8.05,S,1,True,25.0,Unknown,1,1,1,False,8.05,YoungAdult,0
466,0,3,male,38.0,0,0,7.05,S,1,True,38.0,Unknown,1,1,1,False,7.05,Adult,0
467,0,2,male,,0,0,0.0,S,1,True,30.0,Unknown,3,3,3,False,0.0,YoungAdult,0
468,0,1,male,56.0,0,0,26.55,S,1,True,56.0,Unknown,1,1,1,False,26.55,Adult,0
469,0,3,male,,0,0,7.725,Q,1,True,25.0,Unknown,1,1,1,False,7.725,YoungAdult,0
470,1,3,female,0.75,2,1,19.2583,C,4,False,0.75,Unknown,4,4,4,False,19.2583,Child,1
471,0,3,male,,0,0,7.25,S,1,True,25.0,Unknown,1,1,1,False,7.25,YoungAdult,0
472,0,3,male,38.0,0,0,8.6625,S,1,True,38.0,Unknown,1,1,1,False,8.6625,Adult,0
473,1,2,female,33.0,1,2,27.75,S,4,False,33.0,Unknown,3,3,3,False,27.75,Adult,1
474,1,2,female,23.0,0,0,13.7917,C,1,True,23.0,D,1,1,1,False,13.7917,YoungAdult,1
475,0,3,female,22.0,0,0,9.8375,S,1,True,22.0,Unknown,1,1,1,False,9.8375,YoungAdult,1
476,0,1,male,,0,0,52.0,S,1,True,40.0,A,2,2,2,False,52.0,Adult,0
477,0,2,male,34.0,1,0,21.0,S,2,False,34.0,Unknown,2,2,2,False,21.0,Adult,0
478,0,3,male,29.0,1,0,7.0458,S,2,False,29.0,Unknown,1,1,1,False,7.0458,YoungAdult,0
479,0,3,male,22.0,0,0,7.5208,S,1,True,22.0,Unknown,1,1,1,False,7.5208,YoungAdult,0
480,1,3,female,2.0,0,1,12.2875,S,2,False,2.0,Unknown,1,1,1,False,12.2875,Child,1
481,0,3,male,9.0,5,2,46.9,S,8,False,9.0,Unknown,6,6,6,False,46.9,Child,0
482,0,2,male,,0,0,0.0,S,1,True,30.0,Unknown,1,1,1,False,0.0,YoungAdult,0
483,0,3,male,50.0,0,0,8.05,S,1,True,50.0,Unknown,1,1,1,False,8.05,Adult,0
484,1,3,female,63.0,0,0,9.5875,S,1,True,63.0,Unknown,1,1,1,False,9.5875,Senior,1
485,1,1,male,25.0,1,0,91.0792,C,2,False,25.0,B,2,2,2,False,91.0792,YoungAdult,0
486,0,3,female,,3,1,25.4667,S,5,False,21.5,Unknown,4,4,4,False,25.4667,YoungAdult,1
487,1,1,female,35.0,1,0,90.0,S,2,False,35.0,C,2,2,2,False,90.0,Adult,1
488,0,1,male,58.0,0,0,29.7,C,1,True,58.0,B,1,1,1,False,29.7,Adult,0
489,0,3,male,30.0,0,0,8.05,S,1,True,30.0,Unknown,1,1,1,False,8.05,YoungAdult,0
490,1,3,male,9.0,1,1,15.9,S,3,False,9.0,Unknown,2,2,2,False,15.9,Child,0
491,0,3,male,,1,0,19.9667,S,2,False,25.0,Unknown,1,1,1,False,19.9667,YoungAdult,0
492,0,3,male,21.0,0,0,7.25,S,1,True,21.0,Unknown,1,1,1,False,7.25,YoungAdult,0
493,0,1,male,55.0,0,0,30.5,S,1,True,55.0,C,1,1,1,False,30.5,Adult,0
494,0,1,male,71.0,0,0,49.5042,C,1,True,71.0,Unknown,1,1,1,False,49.5042,Senior,0
495,0,3,male,21.0,0,0,8.05,S,1,True,21.0,Unknown,1,1,1,False,8.05,YoungAdult,0
496,0,3,male,,0,0,14.4583,C,1,True,25.0,Unknown,2,2,2,False,14.4583,YoungAdult,0
497,1,1,female,54.0,1,0,78.2667,C,2,False,54.0,D,2,2,2,False,78.2667,Adult,1
498,0,3,male,,0,0,15.1,S,1,True,25.0,Unknown,1,1,1,False,15.1,YoungAdult,0
499,0,1,female,25.0,1,2,151.55,S,4,False,25.0,C,4,4,4,False,151.55,YoungAdult,1
500,0,3,male,24.0,0,0,7.7958,S,1,True,24.0,Unknown,1,1,1,False,7.7958,YoungAdult,0
501,0,3,male,17.0,0,0,8.6625,S,1,True,17.0,Unknown,1,1,1,False,8.6625,Teen,0
502,0,3,female,21.0,0,0,7.75,Q,1,True,21.0,Unknown,1,1,1,False,7.75,YoungAdult,1
503,0,3,female,,0,0,7.6292,Q,1,True,21.5,Unknown,1,1,1,False,7.6292,YoungAdult,1
504,0,3,female,37.0,0,0,9.5875,S,1,True,37.0,Unknown,1,1,1,False,9.5875,Adult,1
505,1,1,female,16.0,0,0,86.5,S,1,True,16.0,B,3,3,3,False,86.5,Teen,1
506,0,1,male,18.0,1,0,108.9,C,2,False,18.0,C,2,2,2,False,108.9,YoungAdult,0
507,1,2,female,33.0,0,2,26.0,S,3,False,33.0,Unknown,2,2,2,False,26.0,Adult,1
508,1,1,male,,0,0,26.55,S,1,True,40.0,Unknown,1,1,1,False,26.55,Adult,0
509,0,3,male,28.0,0,0,22.525,S,1,True,28.0,Unknown,1,1,1,False,22.525,YoungAdult,0
510,1,3,male,26.0,0,0,56.4958,S,1,True,26.0,Unknown,7,7,7,False,56.4958,YoungAdult,0
511,1,3,male,29.0,0,0,7.75,Q,1,True,29.0,Unknown,1,1,1,False,7.75,YoungAdult,0
512,0,3,male,,0,0,8.05,S,1,True,25.0,Unknown,1,1,1,False,8.05,YoungAdult,0
513,1,1,male,36.0,0,0,26.2875,S,1,True,36.0,E,1,1,1,False,26.2875,Adult,0
514,1,1,female,54.0,1,0,59.4,C,2,False,54.0,Unknown,1,1,1,False,59.4,Adult,1
515,0,3,male,24.0,0,0,7.4958,S,1,True,24.0,Unknown,1,1,1,False,7.4958,YoungAdult,0
516,0,1,male,47.0,0,0,34.0208,S,1,True,47.0,D,1,1,1,False,34.0208,Adult,0
517,1,2,female,34.0,0,0,10.5,S,1,True,34.0,F,1,1,1,False,10.5,Adult,1
518,0,3,male,,0,0,24.15,Q,1,True,25.0,Unknown,3,3,3,False,24.15,YoungAdult,0
519,1,2,female,36.0,1,0,26.0,S,2,False,36.0,Unknown,1,1,1,False,26.0,Adult,1
520,0,3,male,32.0,0,0,7.8958,S,1,True,32.0,Unknown,1,1,1,False,7.8958,Adult,0
521,1,1,female,30.0,0,0,93.5,S,1,True,30.0,B,2,2,2,False,93.5,YoungAdult,1
522,0,3,male,22.0,0,0,7.8958,S,1,True,22.0,Unknown,1,1,1,False,7.8958,YoungAdult,0
523,0,3,male,,0,0,7.225,C,1,True,25.0,Unknown,1,1,1,False,7.225,YoungAdult,0
524,1,1,female,44.0,0,1,57.9792,C,2,False,44.0,B,2,2,2,False,57.9792,Adult,1
525,0,3,male,,0,0,7.2292,C,1,True,25.0,Unknown,1,1,1,False,7.2292,YoungAdult,0
526,0,3,male,40.5,0,0,7.75,Q,1,True,40.5,Unknown,1,1,1,False,7.75,Adult,0
527,1,2,female,50.0,0,0,10.5,S,1,True,50.0,Unknown,1,1,1,False,10.5,Adult,1
528,0,1,male,,0,0,221.7792,S,1,True,40.0,C,1,1,1,False,221.7792,Adult,0
529,0,3,male,39.0,0,0,7.925,S,1,True,39.0,Unknown,1,1,1,False,7.925,Adult,0
530,0,2,male,23.0,2,1,11.5,S,4,False,23.0,Unknown,1,1,1,False,11.5,YoungAdult,0
531,1,2,female,2.0,1,1,26.0,S,3,False,2.0,Unknown,2,2,2,False,26.0,Child,1
532,0,3,male,,0,0,7.2292,C,1,True,25.0,Unknown,1,1,1,False,7.2292,YoungAdult,0
533,0,3,male,17.0,1,1,7.2292,C,3,False,17.0,Unknown,1,1,1,False,7.2292,Teen,0
534,1,3,female,,0,2,22.3583,C,3,False,21.5,Unknown,2,2,2,False,22.3583,YoungAdult,1
535,0,3,female,30.0,0,0,8.6625,S,1,True,30.0,Unknown,1,1,1,False,8.6625,YoungAdult,1
536,1,2,female,7.0,0,2,26.25,S,3,False,7.0,Unknown,3,3,3,False,26.25,Child,1
537,0,1,male,45.0,0,0,26.55,S,1,True,45.0,B,1,1,1,False,26.55,Adult,0
538,1,1,female,30.0,0,0,106.425,C,1,True,30.0,Unknown,2,2,2,False,106.425,YoungAdult,1
539,0,3,male,,0,0,14.5,S,1,True,25.0,Unknown,1,1,1,False,14.5,YoungAdult,0
540,1,1,female,22.0,0,2,49.5,C,3,False,22.0,B,1,1,1,False,49.5,YoungAdult,1
541,1,1,female,36.0,0,2,71.0,S,3,False,36.0,B,2,2,2,False,71.0,Adult,1
542,0,3,female,9.0,4,2,31.275,S,7,False,9.0,Unknown,7,7,7,False,31.275,Child,1
543,0,3,female,11.0,4,2,31.275,S,7,False,11.0,Unknown,7,7,7,False,31.275,Child,1
544,1,2,male,32.0,1,0,26.0,S,2,False,32.0,Unknown,2,2,2,False,26.0,Adult,0
545,0,1,male,50.0,1,0,106.425,C,2,False,50.0,C,2,2,2,False,106.425,Adult,0
546,0,1,male,64.0,0,0,26.0,S,1,True,64.0,Unknown,1,1,1,False,26.0,Senior,0
547,1,2,female,19.0,1,0,26.0,S,2,False,19.0,Unknown,2,2,2,False,26.0,YoungAdult,1
548,1,2,male,,0,0,13.8625,C,1,True,30.0,Unknown,1,1,1,False,13.8625,YoungAdult,0
549,0,3,male,33.0,1,1,20.525,S,3,False,33.0,Unknown,3,3,3,False,20.525,Adult,0
550,1,2,male,8.0,1,1,36.75,S,3,False,8.0,Unknown,2,2,2,False,36.75,Child,0
551,1,1,male,17.0,0,2,110.8833,C,3,False,17.0,C,4,4,4,False,110.8833,Teen,0
552,0,2,male,27.0,0,0,26.0,S,1,True,27.0,Unknown,1,1,1,False,26.0,YoungAdult,0
553,0,3,male,,0,0,7.8292,Q,1,True,25.0,Unknown,1,1,1,False,7.8292,YoungAdult,0
554,1,3,male,22.0,0,0,7.225,C,1,True,22.0,Unknown,1,1,1,False,7.225,YoungAdult,0
555,1,3,female,22.0,0,0,7.775,S,1,True,22.0,Unknown,1,1,1,False,7.775,YoungAdult,1
556,0,1,male,62.0,0,0,26.55,S,1,True,62.0,Unknown,1,1,1,False,26.55,Senior,0
557,1,1,female,48.0,1,0,39.6,C,2,False,48.0,A,1,1,1,False,39.6,Adult,1
558,0,1,male,,0,0,227.525,C,1,True,40.0,Unknown,4,4,4,False,227.525,Adult,0
559,1,1,female,39.0,1,1,79.65,S,3,False,39.0,E,3,3,3,False,79.65,Adult,1
560,1,3,female,36.0,1,0,17.4,S,2,False,36.0,Unknown,1,1,1,False,17.4,Adult,1
561,0,3,male,,0,0,7.75,Q,1,True,25.0,Unknown,1,1,1,False,7.75,YoungAdult,0
562,0,3,male,40.0,0,0,7.8958,S,1,True,40.0,Unknown,1,1,1,False,7.8958,Adult,0
563,0,2,male,28.0,0,0,13.5,S,1,True,28.0,Unknown,1,1,1,False,13.5,YoungAdult,0
564,0,3,male,,0,0,8.05,S,1,True,25.0,Unknown,1,1,1,False,8.05,YoungAdult,0
565,0,3,female,,0,0,8.05,S,1,True,21.5,Unknown,1,1,1,False,8.05,YoungAdult,1
566,0,3,male,24.0,2,0,24.15,S,3,False,24.0,Unknown,2,2,2,False,24.15,YoungAdult,0
567,0,3,male,19.0,0,0,7.8958,S,1,True,19.0,Unknown,1,1,1,False,7.8958,YoungAdult,0
568,0,3,female,29.0,0,4,21.075,S,5,False,29.0,Unknown,4,4,4,False,21.075,YoungAdult,1
569,0,3,male,,0,0,7.2292,C,1,True,25.0,Unknown,1,1,1,False,7.2292,YoungAdult,0
570,1,3,male,32.0,0,0,7.8542,S,1,True,32.0,Unknown,1,1,1,False,7.8542,Adult,0
571,1,2,male,62.0,0,0,10.5,S,1,True,62.0,Unknown,1,1,1,False,10.5,Senior,0
572,1,1,female,53.0,2,0,51.4792,S,3,False,53.0,C,1,1,1,False,51.4792,Adult,1
573,1,1,male,36.0,0,0,26.3875,S,1,True,36.0,E,1,1,1,False,26.3875,Adult,0
574,1,3,female,,0,0,7.75,Q,1,True,21.5,Unknown,1,1,1,False,7.75,YoungAdult,1
575,0,3,male,16.0,0,0,8.05,S,1,True,16.0,Unknown,1,1,1,False,8.05,Teen,0
576,0,3,male,19.0,0,0,14.5,S,1,True,19.0,Unknown,2,2,2,False,14.5,YoungAdult,0
577,1,2,female,34.0,0,0,13.0,S,1,True,34.0,Unknown,1,1,1,False,13.0,Adult,1
578,1,1,female,39.0,1,0,55.9,S,2,False,39.0,E,2,2,2,False,55.9,Adult,1
579,0,3,female,,1,0,14.4583,C,2,False,21.5,Unknown,1,1,1,False,14.4583,YoungAdult,1
580,1,3,male,32.0,0,0,7.925,S,1,True,32.0,Unknown,1,1,1,False,7.925,Adult,0
581,1,2,female,25.0,1,1,30.0,S,3,False,25.0,Unknown,1,1,1,False,30.0,YoungAdult,1
582,1,1,female,39.0,1,1,110.8833,C,3,False,39.0,C,4,4,4,False,110.8833,Adult,1
583,0,2,male,54.0,0,0,26.0,S,1,True,54.0,Unknown,2,2,2,False,26.0,Adult,0
584,0,1,male,36.0,0,0,40.125,C,1,True,36.0,A,1,1,1,False,40.125,Adult,0
585,0,3,male,,0,0,8.7125,C,1,True,25.0,Unknown,1,1,1,False,8.7125,YoungAdult,0
586,1,1,female,18.0,0,2,79.65,S,3,False,18.0,E,3,3,3,False,79.65,YoungAdult,1
587,0,2,male,47.0,0,0,15.0,S,1,True,47.0,Unknown,1,1,1,False,15.0,Adult,0
588,1,1,male,60.0,1,1,79.2,C,3,False,60.0,B,1,1,1,False,79.2,Adult,0
589,0,3,male,22.0,0,0,8.05,S,1,True,22.0,Unknown,1,1,1,False,8.05,YoungAdult,0
590,0,3,male,,0,0,8.05,S,1,True,25.0,Unknown,1,1,1,False,8.05,YoungAdult,0
591,0,3,male,35.0,0,0,7.125,S,1,True,35.0,Unknown,1,1,1,False,7.125,Adult,0
592,1,1,female,52.0,1,0,78.2667,C,2,False,52.0,D,2,2,2,False,78.2667,Adult,1
593,0,3,male,47.0,0,0,7.25,S,1,True,47.0,Unknown,1,1,1,False,7.25,Adult,0
594,0,3,female,,0,2,7.75,Q,3,False,21.5,Unknown,1,1,1,False,7.75,YoungAdult,1
595,0,2,male,37.0,1,0,26.0,S,2,False,37.0,Unknown,1,1,1,False,26.0,Adult,0
596,0,3,male,36.0,1,1,24.15,S,3,False,36.0,Unknown,3,3,3,False,24.15,Adult,0
597,1,2,female,,0,0,33.0,S,1,True,28.0,Unknown,3,3,3,False,33.0,YoungAdult,1
598,0,3,male,49.0,0,0,0.0,S,1,True,49.0,Unknown,4,4,4,False,0.0,Adult,0
599,0,3,male,,0,0,7.225,C,1,True,25.0,Unknown,1,1,1,False,7.225,YoungAdult,0
600,1,1,male,49.0,1,0,56.9292,C,2,False,49.0,A,2,2,2,False,56.9292,Adult,0
601,1,2,female,24.0,2,1,27.0,S,4,False,24.0,Unknown,2,2,2,False,27.0,YoungAdult,1
602,0,3,male,,0,0,7.8958,S,1,True,25.0,Unknown,1,1,1,False,7.8958,YoungAdult,0
603,0,1,male,,0,0,42.4,S,1,True,40.0,Unknown,1,1,1,False,42.4,Adult,0
604,0,3,male,44.0,0,0,8.05,S,1,True,44.0,Unknown,1,1,1,False,8.05,Adult,0
605,1,1,male,35.0,0,0,26.55,C,1,True,35.0,Unknown,1,1,1,False,26.55,Adult,0
606,0,3,male,36.0,1,0,15.55,S,2,False,36.0,Unknown,1,1,1,False,15.55,Adult,0
607,0,3,male,30.0,0,0,7.8958,S,1,True,30.0,Unknown,1,1,1,False,7.8958,YoungAdult,0
608,1,1,male,27.0,0,0,30.5,S,1,True,27.0,Unknown,1,1,1,False,30.5,YoungAdult,0
609,1,2,female,22.0,1,2,41.5792,C,4,False,22.0,Unknown,3,3,3,False,41.5792,YoungAdult,1
610,1,1,female,40.0,0,0,153.4625,S,1,True,40.0,C,3,3,3,False,153.4625,Adult,1
611,0,3,female,39.0,1,5,31.275,S,7,False,39.0,Unknown,7,7,7,False,31.275,Adult,1
612,0,3,male,,0,0,7.05,S,1,True,25.0,Unknown,1,1,1,False,7.05,YoungAdult,0
613,1,3,female,,1,0,15.5,Q,2,False,21.5,Unknown,2,2,2,False,15.5,YoungAdult,1
614,0,3,male,,0,0,7.75,Q,1,True,25.0,Unknown,1,1,1,False,7.75,YoungAdult,0
615,0,3,male,35.0,0,0,8.05,S,1,True,35.0,Unknown,1,1,1,False,8.05,Adult,0
616,1,2,female,24.0,1,2,65.0,S,4,False,24.0,Unknown,2,2,2,False,65.0,YoungAdult,1
617,0,3,male,34.0,1,1,14.4,S,3,False,34.0,Unknown,2,2,2,False,14.4,Adult,0
618,0,3,female,26.0,1,0,16.1,S,2,False,26.0,Unknown,2,2,2,False,16.1,YoungAdult,1
619,1,2,female,4.0,2,1,39.0,S,4,False,4.0,F,2,2,2,False,39.0,Child,1
620,0,2,male,26.0,0,0,10.5,S,1,True,26.0,Unknown,1,1,1,False,10.5,YoungAdult,0
621,0,3,male,27.0,1,0,14.4542,C,2,False,27.0,Unknown,2,2,2,False,14.4542,YoungAdult,0
622,1,1,male,42.0,1,0,52.5542,S,2,False,42.0,D,1,1,1,False,52.5542,Adult,0
623,1,3,male,20.0,1,1,15.7417,C,3,False,20.0,Unknown,2,2,2,False,15.7417,YoungAdult,0
624,0,3,male,21.0,0,0,7.8542,S,1,True,21.0,Unknown,1,1,1,False,7.8542,YoungAdult,0
625,0,3,male,21.0,0,0,16.1,S,1,True,21.0,Unknown,2,2,2,False,16.1,YoungAdult,0
626,0,1,male,61.0,0,0,32.3208,S,1,True,61.0,D,1,1,1,False,32.3208,Senior,0
627,0,2,male,57.0,0,0,12.35,Q,1,True,57.0,Unknown,1,1,1,False,12.35,Adult,0
628,1,1,female,21.0,0,0,77.9583,S,1,True,21.0,D,3,3,3,False,77.9583,YoungAdult,1
629,0,3,male,26.0,0,0,7.8958,S,1,True,26.0,Unknown,1,1,1,False,7.8958,YoungAdult,0
630,0,3,male,,0,0,7.7333,Q,1,True,25.0,Unknown,1,1,1,False,7.7333,YoungAdult,0
631,1,1,male,80.0,0,0,30.0,S,1,True,80.0,A,1,1,1,False,30.0,Senior,0
632,0,3,male,51.0,0,0,7.0542,S,1,True,51.0,Unknown,1,1,1,False,7.0542,Adult,0
633,1,1,male,32.0,0,0,30.5,C,1,True,32.0,B,1,1,1,False,30.5,Adult,0
634,0,1,male,,0,0,0.0,S,1,True,40.0,Unknown,1,1,1,False,0.0,Adult,0
635,0,3,female,9.0,3,2,27.9,S,6,False,9.0,Unknown,6,6,6,False,27.9,Child,1
636,1,2,female,28.0,0,0,13.0,S,1,True,28.0,Unknown,1,1,1,False,13.0,YoungAdult,1
637,0,3,male,32.0,0,0,7.925,S,1,True,32.0,Unknown,1,1,1,False,7.925,Adult,0
638,0,2,male,31.0,1,1,26.25,S,3,False,31.0,Unknown,3,3,3,False,26.25,Adult,0
639,0,3,female,41.0,0,5,39.6875,S,6,False,41.0,Unknown,6,6,6,False,39.6875,Adult,1
640,0,3,male,,1,0,16.1,S,2,False,25.0,Unknown,2,2,2,False,16.1,YoungAdult,0
641,0,3,male,20.0,0,0,7.8542,S,1,True,20.0,Unknown,1,1,1,False,7.8542,YoungAdult,0
642,1,1,female,24.0,0,0,69.3,C,1,True,24.0,B,2,2,2,False,69.3,YoungAdult,1
643,0,3,female,2.0,3,2,27.9,S,6,False,2.0,Unknown,6,6,6,False,27.9,Child,1
644,1,3,male,,0,0,56.4958,S,1,True,25.0,Unknown,7,7,7,False,56.4958,YoungAdult,0
645,1,3,female,0.75,2,1,19.2583,C,4,False,0.75,Unknown,4,4,4,False,19.2583,Child,1
646,1,1,male,48.0,1,0,76.7292,C,2,False,48.0,D,3,3,3,False,76.7292,Adult,0
647,0,3,male,19.0,0,0,7.8958,S,1,True,19.0,Unknown,1,1,1,False,7.8958,YoungAdult,0
648,1,1,male,56.0,0,0,35.5,C,1,True,56.0,A,1,1,1,False,35.5,Adult,0
649,0,3,male,,0,0,7.55,S,1,True,25.0,Unknown,1,1,1,False,7.55,YoungAdult,0
650,1,3,female,23.0,0,0,7.55,S,1,True,23.0,Unknown,1,1,1,False,7.55,YoungAdult,1
651,0,3,male,,0,0,7.8958,S,1,True,25.0,Unknown,1,1,1,False,7.8958,YoungAdult,0
652,1,2,female,18.0,0,1,23.0,S,2,False,18.0,Unknown,2,2,2,False,23.0,YoungAdult,1
653,0,3,male,21.0,0,0,8.4333,S,1,True,21.0,Unknown,1,1,1,False,8.4333,YoungAdult,0
654,1,3,female,,0,0,7.8292,Q,1,True,21.5,Unknown,1,1,1,False,7.8292,YoungAdult,1
655,0,3,female,18.0,0,0,6.75,Q,1,True,18.0,Unknown,1,1,1,False,6.75,YoungAdult,1
656,0,2,male,24.0,2,0,73.5,S,3,False,24.0,Unknown,5,5,5,False,73.5,YoungAdult,0
657,0,3,male,,0,0,7.8958,S,1,True,25.0,Unknown,1,1,1,False,7.8958,YoungAdult,0
658,0,3,female,32.0,1,1,15.5,Q,3,False,32.0,Unknown,2,2,2,False,15.5,Adult,1
659,0,2,male,23.0,0,0,13.0,S,1,True,23.0,Unknown,1,1,1,False,13.0,YoungAdult,0
660,0,1,male,58.0,0,2,113.275,C,3,False,58.0,D,3,3,3,False,113.275,Adult,0
661,1,1,male,50.0,2,0,133.65,S,3,False,50.0,Unknown,2,2,2,False,133.65,Adult,0
662,0,3,male,40.0,0,0,7.225,C,1,True,40.0,Unknown,1,1,1,False,7.225,Adult,0
663,0,1,male,47.0,0,0,25.5875,S,1,True,47.0,E,1,1,1,False,25.5875,Adult,0
664,0,3,male,36.0,0,0,7.4958,S,1,True,36.0,Unknown,1,1,1,False,7.4958,Adult,0
665,1,3,male,20.0,1,0,7.925,S,2,False,20.0,Unknown,1,1,1,False,7.925,YoungAdult,0
666,0,2,male,32.0,2,0,73.5,S,3,False,32.0,Unknown,5,5,5,False,73.5,Adult,0
667,0,2,male,25.0,0,0,13.0,S,1,True,25.0,Unknown,1,1,1,False,13.0,YoungAdult,0
668,0,3,male,,0,0,7.775,S,1,True,25.0,Unknown,1,1,1,False,7.775,YoungAdult,0
669,0,3,male,43.0,0,0,8.05,S,1,True,43.0,Unknown,1,1,1,False,8.05,Adult,0
670,1,1,female,,1,0,52.0,S,2,False,35.0,C,2,2,2,False,52.0,Adult,1
671,1,2,female,40.0,1,1,39.0,S,3,False,40.0,Unknown,2,2,2,False,39.0,Adult,1
672,0,1,male,31.0,1,0,52.0,S,2,False,31.0,B,1,1,1,False,52.0,Adult,0
673,0,2,male,70.0,0,0,10.5,S,1,True,70.0,Unknown,1,1,1,False,10.5,Senior,0
674,1,2,male,31.0,0,0,13.0,S,1,True,31.0,Unknown,1,1,1,False,13.0,Adult,0
675,0,2,male,,0,0,0.0,S,1,True,30.0,Unknown,1,1,1,False,0.0,YoungAdult,0
676,0,3,male,18.0,0,0,7.775,S,1,True,18.0,Unknown,1,1,1,False,7.775,YoungAdult,0
677,0,3,male,24.5,0,0,8.05,S,1,True,24.5,Unknown,1,1,1,False,8.05,YoungAdult,0
678,1,3,female,18.0,0,0,9.8417,S,1,True,18.0,Unknown,1,1,1,False,9.8417,YoungAdult,1
679,0,3,female,43.0,1,6,46.9,S,8,False,43.0,Unknown,6,6,6,False,46.9,Adult,1
680,1,1,male,36.0,0,1,512.3292,C,2,False,36.0,B,3,3,3,True,249.00622000000035,Adult,0
681,0,3,female,,0,0,8.1375,Q,1,True,21.5,Unknown,1,1,1,False,8.1375,YoungAdult,1
682,1,1,male,27.0,0,0,76.7292,C,1,True,27.0,D,3,3,3,False,76.7292,YoungAdult,0
683,0,3,male,20.0,0,0,9.225,S,1,True,20.0,Unknown,1,1,1,False,9.225,YoungAdult,0
684,0,3,male,14.0,5,2,46.9,S,8,False,14.0,Unknown,6,6,6,False,46.9,Teen,0
685,0,2,male,60.0,1,1,39.0,S,3,False,60.0,Unknown,2,2,2,False,39.0,Adult,0
686,0,2,male,25.0,1,2,41.5792,C,4,False,25.0,Unknown,3,3,3,False,41.5792,YoungAdult,0
687,0,3,male,14.0,4,1,39.6875,S,6,False,14.0,Unknown,6,6,6,False,39.6875,Teen,0
688,0,3,male,19.0,0,0,10.1708,S,1,True,19.0,Unknown,1,1,1,False,10.1708,YoungAdult,0
689,0,3,male,18.0,0,0,7.7958,S,1,True,18.0,Unknown,1,1,1,False,7.7958,YoungAdult,0
690,1,1,female,15.0,0,1,211.3375,S,2,False,15.0,B,3,3,3,False,211.3375,Teen,1
691,1,1,male,31.0,1,0,57.0,S,2,False,31.0,B,2,2,2,False,57.0,Adult,0
692,1,3,female,4.0,0,1,13.4167,C,2,False,4.0,Unknown,1,1,1,False,13.4167,Child,1
693,1,3,male,,0,0,56.4958,S,1,True,25.0,Unknown,7,7,7,False,56.4958,YoungAdult,0
694,0,3,male,25.0,0,0,7.225,C,1,True,25.0,Unknown,1,1,1,False,7.225,YoungAdult,0
695,0,1,male,60.0,0,0,26.55,S,1,True,60.0,Unknown,1,1,1,False,26.55,Adult,0
696,0,2,male,52.0,0,0,13.5,S,1,True,52.0,Unknown,1,1,1,False,13.5,Adult,0
697,0,3,male,44.0,0,0,8.05,S,1,True,44.0,Unknown,1,1,1,False,8.05,Adult,0
698,1,3,female,,0,0,7.7333,Q,1,True,21.5,Unknown,1,1,1,False,7.7333,YoungAdult,1
699,0,1,male,49.0,1,1,110.8833,C,3,False,49.0,C,4,4,4,False,110.8833,Adult,0
700,0,3,male,42.0,0,0,7.65,S,1,True,42.0,F,1,1,1,False,7.65,Adult,0
701,1,1,female,18.0,1,0,227.525,C,2,False,18.0,C,4,4,4,False,227.525,YoungAdult,1
702,1,1,male,35.0,0,0,26.2875,S,1,True,35.0,E,1,1,1,False,26.2875,Adult,0
703,0,3,female,18.0,0,1,14.4542,C,2,False,18.0,Unknown,2,2,2,False,14.4542,YoungAdult,1
704,0,3,male,25.0,0,0,7.7417,Q,1,True,25.0,Unknown,1,1,1,False,7.7417,YoungAdult,0
705,0,3,male,26.0,1,0,7.8542,S,2,False,26.0,Unknown,1,1,1,False,7.8542,YoungAdult,0
706,0,2,male,39.0,0,0,26.0,S,1,True,39.0,Unknown,2,2,2,False,26.0,Adult,0
707,1,2,female,45.0,0,0,13.5,S,1,True,45.0,Unknown,1,1,1,False,13.5,Adult,1
708,1,1,male,42.0,0,0,26.2875,S,1,True,42.0,E,1,1,1,False,26.2875,Adult,0
709,1,1,female,22.0,0,0,151.55,S,1,True,22.0,Unknown,4,4,4,False,151.55,YoungAdult,1
710,1,3,male,,1,1,15.2458,C,3,False,25.0,Unknown,2,2,2,False,15.2458,YoungAdult,0
711,1,1,female,24.0,0,0,49.5042,C,1,True,24.0,C,1,1,1,False,49.5042,YoungAdult,1
712,0,1,male,,0,0,26.55,S,1,True,40.0,C,1,1,1,False,26.55,Adult,0
713,1,1,male,48.0,1,0,52.0,S,2,False,48.0,C,2,2,2,False,52.0,Adult,0
714,0,3,male,29.0,0,0,9.4833,S,1,True,29.0,Unknown,1,1,1,False,9.4833,YoungAdult,0
715,0,2,male,52.0,0,0,13.0,S,1,True,52.0,Unknown,2,2,2,False,13.0,Adult,0
716,0,3,male,19.0,0,0,7.65,S,1,True,19.0,F,1,1,1,False,7.65,YoungAdult,0
717,1,1,female,38.0,0,0,227.525,C,1,True,38.0,C,4,4,4,False,227.525,Adult,1
718,1,2,female,27.0,0,0,10.5,S,1,True,27.0,E,1,1,1,False,10.5,YoungAdult,1
719,0,3,male,,0,0,15.5,Q,1,True,25.0,Unknown,1,1,1,False,15.5,YoungAdult,0
720,0,3,male,33.0,0,0,7.775,S,1,True,33.0,Unknown,1,1,1,False,7.775,Adult,0
721,1,2,female,6.0,0,1,33.0,S,2,False,6.0,Unknown,3,3,3,False,33.0,Child,1
722,0,3,male,17.0,1,0,7.0542,S,2,False,17.0,Unknown,1,1,1,False,7.0542,Teen,0
723,0,2,male,34.0,0,0,13.0,S,1,True,34.0,Unknown,1,1,1,False,13.0,Adult,0
724,0,2,male,50.0,0,0,13.0,S,1,True,50.0,Unknown,1,1,1,False,13.0,Adult,0
725,1,1,male,27.0,1,0,53.1,S,2,False,27.0,E,2,2,2,False,53.1,YoungAdult,0
726,0,3,male,20.0,0,0,8.6625,S,1,True,20.0,Unknown,1,1,1,False,8.6625,YoungAdult,0
727,1,2,female,30.0,3,0,21.0,S,4,False,30.0,Unknown,2,2,2,False,21.0,YoungAdult,1
728,1,3,female,,0,0,7.7375,Q,1,True,21.5,Unknown,1,1,1,False,7.7375,YoungAdult,1
729,0,2,male,25.0,1,0,26.0,S,2,False,25.0,Unknown,1,1,1,False,26.0,YoungAdult,0
730,0,3,female,25.0,1,0,7.925,S,2,False,25.0,Unknown,1,1,1,False,7.925,YoungAdult,1
731,1,1,female,29.0,0,0,211.3375,S,1,True,29.0,B,3,3,3,False,211.3375,YoungAdult,1
732,0,3,male,11.0,0,0,18.7875,C,1,True,11.0,Unknown,2,2,2,False,18.7875,Child,0
733,0,2,male,,0,0,0.0,S,1,True,30.0,Unknown,1,1,1,False,0.0,YoungAdult,0
734,0,2,male,23.0,0,0,13.0,S,1,True,23.0,Unknown,1,1,1,False,13.0,YoungAdult,0
735,0,2,male,23.0,0,0,13.0,S,1,True,23.0,Unknown,1,1,1,False,13.0,YoungAdult,0
736,0,3,male,28.5,0,0,16.1,S,1,True,28.5,Unknown,2,2,2,False,16.1,YoungAdult,0
737,0,3,female,48.0,1,3,34.375,S,5,False,48.0,Unknown,4,4,4,False,34.375,Adult,1
738,1,1,male,35.0,0,0,512.3292,C,1,True,35.0,B,3,3,3,True,249.00622000000035,Adult,0
739,0,3,male,,0,0,7.8958,S,1,True,25.0,Unknown,1,1,1,False,7.8958,YoungAdult,0
740,0,3,male,,0,0,7.8958,S,1,True,25.0,Unknown,1,1,1,False,7.8958,YoungAdult,0
741,1,1,male,,0,0,30.0,S,1,True,40.0,D,1,1,1,False,30.0,Adult,0
742,0,1,male,36.0,1,0,78.85,S,2,False,36.0,C,2,2,2,False,78.85,Adult,0
743,1,1,female,21.0,2,2,262.375,C,5,False,21.0,B,2,2,2,True,249.00622000000035,YoungAdult,1
744,0,3,male,24.0,1,0,16.1,S,2,False,24.0,Unknown,1,1,1,False,16.1,YoungAdult,0
745,1,3,male,31.0,0,0,7.925,S,1,True,31.0,Unknown,1,1,1,False,7.925,Adult,0
746,0,1,male,70.0,1,1,71.0,S,3,False,70.0,B,2,2,2,False,71.0,Senior,0
747,0,3,male,16.0,1,1,20.25,S,3,False,16.0,Unknown,2,2,2,False,20.25,Teen,0
748,1,2,female,30.0,0,0,13.0,S,1,True,30.0,Unknown,1,1,1,False,13.0,YoungAdult,1
749,0,1,male,19.0,1,0,53.1,S,2,False,19.0,D,1,1,1,False,53.1,YoungAdult,0
750,0,3,male,31.0,0,0,7.75,Q,1,True,31.0,Unknown,1,1,1,False,7.75,Adult,0
751,1,2,female,4.0,1,1,23.0,S,3,False,4.0,Unknown,1,1,1,False,23.0,Child,1
752,1,3,male,6.0,0,1,12.475,S,2,False,6.0,E,2,2,2,False,12.475,Child,0
753,0,3,male,33.0,0,0,9.5,S,1,True,33.0,Unknown,1,1,1,False,9.5,Adult,0
754,0,3,male,23.0,0,0,7.8958,S,1,True,23.0,Unknown,1,1,1,False,7.8958,YoungAdult,0
755,1,2,female,48.0,1,2,65.0,S,4,False,48.0,Unknown,2,2,2,False,65.0,Adult,1
756,1,2,male,0.67,1,1,14.5,S,3,False,0.67,Unknown,2,2,2,False,14.5,Child,0
757,0,3,male,28.0,0,0,7.7958,S,1,True,28.0,Unknown,1,1,1,False,7.7958,YoungAdult,0
758,0,2,male,18.0,0,0,11.5,S,1,True,18.0,Unknown,1,1,1,False,11.5,YoungAdult,0
759,0,3,male,34.0,0,0,8.05,S,1,True,34.0,Unknown,1,1,1,False,8.05,Adult,0
760,1,1,female,33.0,0,0,86.5,S,1,True,33.0,B,3,3,3,False,86.5,Adult,1
761,0,3,male,,0,0,14.5,S,1,True,25.0,Unknown,2,2,2,False,14.5,YoungAdult,0
762,0,3,male,41.0,0,0,7.125,S,1,True,41.0,Unknown,1,1,1,False,7.125,Adult,0
763,1,3,male,20.0,0,0,7.2292,C,1,True,20.0,Unknown,1,1,1,False,7.2292,YoungAdult,0
764,1,1,female,36.0,1,2,120.0,S,4,False,36.0,B,4,4,4,False,120.0,Adult,1
765,0,3,male,16.0,0,0,7.775,S,1,True,16.0,Unknown,1,1,1,False,7.775,Teen,0
766,1,1,female,51.0,1,0,77.9583,S,2,False,51.0,D,3,3,3,False,77.9583,Adult,1
767,0,1,male,,0,0,39.6,C,1,True,40.0,Unknown,1,1,1,False,39.6,Adult,0
768,0,3,female,30.5,0,0,7.75,Q,1,True,30.5,Unknown,1,1,1,False,7.75,YoungAdult,1
769,0,3,male,,1,0,24.15,Q,2,False,25.0,Unknown,3,3,3,False,24.15,YoungAdult,0
770,0,3,male,32.0,0,0,8.3625,S,1,True,32.0,Unknown,1,1,1,False,8.3625,Adult,0
771,0,3,male,24.0,0,0,9.5,S,1,True,24.0,Unknown,1,1,1,False,9.5,YoungAdult,0
772,0,3,male,48.0,0,0,7.8542,S,1,True,48.0,Unknown,1,1,1,False,7.8542,Adult,0
773,0,2,female,57.0,0,0,10.5,S,1,True,57.0,E,2,2,2,False,10.5,Adult,1
774,0,3,male,,0,0,7.225,C,1,True,25.0,Unknown,1,1,1,False,7.225,YoungAdult,0
775,1,2,female,54.0,1,3,23.0,S,5,False,54.0,Unknown,1,1,1,False,23.0,Adult,1
776,0,3,male,18.0,0,0,7.75,S,1,True,18.0,Unknown,1,1,1,False,7.75,YoungAdult,0
777,0,3,male,,0,0,7.75,Q,1,True,25.0,F,1,1,1,False,7.75,YoungAdult,0
778,1,3,female,5.0,0,0,12.475,S,1,True,5.0,Unknown,2,2,2,False,12.475,Child,1
779,0,3,male,,0,0,7.7375,Q,1,True,25.0,Unknown,1,1,1,False,7.7375,YoungAdult,0
780,1,1,female,43.0,0,1,211.3375,S,2,False,43.0,B,3,3,3,False,211.3375,Adult,1
781,1,3,female,13.0,0,0,7.2292,C,1,True,13.0,Unknown,1,1,1,False,7.2292,Teen,1
782,1,1,female,17.0,1,0,57.0,S,2,False,17.0,B,2,2,2,False,57.0,Teen,1
783,0,1,male,29.0,0,0,30.0,S,1,True,29.0,D,1,1,1,False,30.0,YoungAdult,0
784,0,3,male,,1,2,23.45,S,4,False,25.0,Unknown,2,2,2,False,23.45,YoungAdult,0
785,0,3,male,25.0,0,0,7.05,S,1,True,25.0,Unknown,1,1,1,False,7.05,YoungAdult,0
786,0,3,male,25.0,0,0,7.25,S,1,True,25.0,Unknown,1,1,1,False,7.25,YoungAdult,0
787,1,3,female,18.0,0,0,7.4958,S,1,True,18.0,Unknown,1,1,1,False,7.4958,YoungAdult,1
788,0,3,male,8.0,4,1,29.125,Q,6,False,8.0,Unknown,5,5,5,False,29.125,Child,0
789,1,3,male,1.0,1,2,20.575,S,4,False,1.0,Unknown,2,2,2,False,20.575,Child,0
790,0,1,male,46.0,0,0,79.2,C,1,True,46.0,B,2,2,2,False,79.2,Adult,0
791,0,3,male,,0,0,7.75,Q,1,True,25.0,Unknown,1,1,1,False,7.75,YoungAdult,0
792,0,2,male,16.0,0,0,26.0,S,1,True,16.0,Unknown,2,2,2,False,26.0,Teen,0
793,0,3,female,,8,2,69.55,S,11,False,21.5,Unknown,7,7,7,False,69.55,YoungAdult,1
794,0,1,male,,0,0,30.6958,C,1,True,40.0,Unknown,1,1,1,False,30.6958,Adult,0
795,0,3,male,25.0,0,0,7.8958,S,1,True,25.0,Unknown,1,1,1,False,7.8958,YoungAdult,0
796,0,2,male,39.0,0,0,13.0,S,1,True,39.0,Unknown,1,1,1,False,13.0,Adult,0
797,1,1,female,49.0,0,0,25.9292,S,1,True,49.0,D,1,1,1,False,25.9292,Adult,1
798,1,3,female,31.0,0,0,8.6833,S,1,True,31.0,Unknown,1,1,1,False,8.6833,Adult,1
799,0,3,male,30.0,0,0,7.2292,C,1,True,30.0,Unknown,1,1,1,False,7.2292,YoungAdult,0
800,0,3,female,30.0,1,1,24.15,S,3,False,30.0,Unknown,3,3,3,False,24.15,YoungAdult,1
801,0,2,male,34.0,0,0,13.0,S,1,True,34.0,Unknown,2,2,2,False,13.0,Adult,0
802,1,2,female,31.0,1,1,26.25,S,3,False,31.0,Unknown,3,3,3,False,26.25,Adult,1
803,1,1,male,11.0,1,2,120.0,S,4,False,11.0,B,4,4,4,False,120.0,Child,0
804,1,3,male,0.42,0,1,8.5167,C,2,False,0.42,Unknown,1,1,1,False,8.5167,Child,0
805,1,3,male,27.0,0,0,6.975,S,1,True,27.0,Unknown,1,1,1,False,6.975,YoungAdult,0
806,0,3,male,31.0,0,0,7.775,S,1,True,31.0,Unknown,1,1,1,False,7.775,Adult,0
807,0,1,male,39.0,0,0,0.0,S,1,True,39.0,A,1,1,1,False,0.0,Adult,0
808,0,3,female,18.0,0,0,7.775,S,1,True,18.0,Unknown,1,1,1,False,7.775,YoungAdult,1
809,0,2,male,39.0,0,0,13.0,S,1,True,39.0,Unknown,1,1,1,False,13.0,Adult,0
810,1,1,female,33.0,1,0,53.1,S,2,False,33.0,E,2,2,2,False,53.1,Adult,1
811,0,3,male,26.0,0,0,7.8875,S,1,True,26.0,Unknown,1,1,1,False,7.8875,YoungAdult,0
812,0,3,male,39.0,0,0,24.15,S,1,True,39.0,Unknown,2,2,2,False,24.15,Adult,0
813,0,2,male,35.0,0,0,10.5,S,1,True,35.0,Unknown,1,1,1,False,10.5,Adult,0
814,0,3,female,6.0,4,2,31.275,S,7,False,6.0,Unknown,7,7,7,False,31.275,Child,1
815,0,3,male,30.5,0,0,8.05,S,1,True,30.5,Unknown,1,1,1,False,8.05,YoungAdult,0
816,0,1,male,,0,0,0.0,S,1,True,40.0,B,1,1,1,False,0.0,Adult,0
817,0,3,female,23.0,0,0,7.925,S,1,True,23.0,Unknown,1,1,1,False,7.925,YoungAdult,1
818,0,2,male,31.0,1,1,37.0042,C,3,False,31.0,Unknown,2,2,2,False,37.0042,Adult,0
819,0,3,male,43.0,0,0,6.45,S,1,True,43.0,Unknown,1,1,1,False,6.45,Adult,0
820,0,3,male,10.0,3,2,27.9,S,6,False,10.0,Unknown,6,6,6,False,27.9,Child,0
821,1,1,female,52.0,1,1,93.5,S,3,False,52.0,B,2,2,2,False,93.5,Adult,1
822,1,3,male,27.0,0,0,8.6625,S,1,True,27.0,Unknown,1,1,1,False,8.6625,YoungAdult,0
823,0,1,male,38.0,0,0,0.0,S,1,True,38.0,Unknown,1,1,1,False,0.0,Adult,0
824,1,3,female,27.0,0,1,12.475,S,2,False,27.0,E,2,2,2,False,12.475,YoungAdult,1
825,0,3,male,2.0,4,1,39.6875,S,6,False,2.0,Unknown,6,6,6,False,39.6875,Child,0
826,0,3,male,,0,0,6.95,Q,1,True,25.0,Unknown,1,1,1,False,6.95,YoungAdult,0
827,0,3,male,,0,0,56.4958,S,1,True,25.0,Unknown,7,7,7,False,56.4958,YoungAdult,0
828,1,2,male,1.0,0,2,37.0042,C,3,False,1.0,Unknown,2,2,2,False,37.0042,Child,0
829,1,3,male,,0,0,7.75,Q,1,True,25.0,Unknown,1,1,1,False,7.75,YoungAdult,0
830,1,1,female,62.0,0,0,80.0,S,1,True,62.0,B,2,2,2,False,80.0,Senior,1
831,1,3,female,15.0,1,0,14.4542,C,2,False,15.0,Unknown,2,2,2,False,14.4542,Teen,1
832,1,2,male,0.83,1,1,18.75,S,3,False,0.83,Unknown,3,3,3,False,18.75,Child,0
833,0,3,male,,0,0,7.2292,C,1,True,25.0,Unknown,1,1,1,False,7.2292,YoungAdult,0
834,0,3,male,23.0,0,0,7.8542,S,1,True,23.0,Unknown,1,1,1,False,7.8542,YoungAdult,0
835,0,3,male,18.0,0,0,8.3,S,1,True,18.0,Unknown,1,1,1,False,8.3,YoungAdult,0
836,1,1,female,39.0,1,1,83.1583,C,3,False,39.0,E,1,1,1,False,83.1583,Adult,1
837,0,3,male,21.0,0,0,8.6625,S,1,True,21.0,Unknown,1,1,1,False,8.6625,YoungAdult,0
838,0,3,male,,0,0,8.05,S,1,True,25.0,Unknown,1,1,1,False,8.05,YoungAdult,0
839,1,3,male,32.0,0,0,56.4958,S,1,True,32.0,Unknown,7,7,7,False,56.4958,Adult,0
840,1,1,male,,0,0,29.7,C,1,True,40.0,C,1,1,1,False,29.7,Adult,0
841,0,3,male,20.0,0,0,7.925,S,1,True,20.0,Unknown,1,1,1,False,7.925,YoungAdult,0
842,0,2,male,16.0,0,0,10.5,S,1,True,16.0,Unknown,2,2,2,False,10.5,Teen,0
843,1,1,female,30.0,0,0,31.0,C,1,True,30.0,Unknown,2,2,2,False,31.0,YoungAdult,1
844,0,3,male,34.5,0,0,6.4375,C,1,True,34.5,Unknown,1,1,1,False,6.4375,Adult,0
845,0,3,male,17.0,0,0,8.6625,S,1,True,17.0,Unknown,1,1,1,False,8.6625,Teen,0
846,0,3,male,42.0,0,0,7.55,S,1,True,42.0,Unknown,1,1,1,False,7.55,Adult,0
847,0,3,male,,8,2,69.55,S,11,False,25.0,Unknown,7,7,7,False,69.55,YoungAdult,0
848,0,3,male,35.0,0,0,7.8958,C,1,True,35.0,Unknown,1,1,1,False,7.8958,Adult,0
849,0,2,male,28.0,0,1,33.0,S,2,False,28.0,Unknown,3,3,3,False,33.0,YoungAdult,0
850,1,1,female,,1,0,89.1042,C,2,False,35.0,C,2,2,2,False,89.1042,Adult,1
851,0,3,male,4.0,4,2,31.275,S,7,False,4.0,Unknown,7,7,7,False,31.275,Child,0
852,0,3,male,74.0,0,0,7.775,S,1,True,74.0,Unknown,1,1,1,False,7.775,Senior,0
853,0,3,female,9.0,1,1,15.2458,C,3,False,9.0,Unknown,2,2,2,False,15.2458,Child,1
854,1,1,female,16.0,0,1,39.4,S,2,False,16.0,D,1,1,1,False,39.4,Teen,1
855,0,2,female,44.0,1,0,26.0,S,2,False,44.0,Unknown,2,2,2,False,26.0,Adult,1
856,1,3,female,18.0,0,1,9.35,S,2,False,18.0,Unknown,1,1,1,False,9.35,YoungAdult,1
857,1,1,female,45.0,1,1,164.8667,S,3,False,45.0,Unknown,2,2,2,False,164.8667,Adult,1
858,1,1,male,51.0,0,0,26.55,S,1,True,51.0,E,1,1,1,False,26.55,Adult,0
859,1,3,female,24.0,0,3,19.2583,C,4,False,24.0,Unknown,4,4,4,False,19.2583,YoungAdult,1
860,0,3,male,,0,0,7.2292,C,1,True,25.0,Unknown,1,1,1,False,7.2292,YoungAdult,0
861,0,3,male,41.0,2,0,14.1083,S,3,False,41.0,Unknown,1,1,1,False,14.1083,Adult,0
862,0,2,male,21.0,1,0,11.5,S,2,False,21.0,Unknown,1,1,1,False,11.5,YoungAdult,0
863,1,1,female,48.0,0,0,25.9292,S,1,True,48.0,D,1,1,1,False,25.9292,Adult,1
864,0,3,female,,8,2,69.55,S,11,False,21.5,Unknown,7,7,7,False,69.55,YoungAdult,1
865,0,2,male,24.0,0,0,13.0,S,1,True,24.0,Unknown,1,1,1,False,13.0,YoungAdult,0
866,1,2,female,42.0,0,0,13.0,S,1,True,42.0,Unknown,1,1,1,False,13.0,Adult,1
867,1,2,female,27.0,1,0,13.8583,C,2,False,27.0,Unknown,1,1,1,False,13.8583,YoungAdult,1
868,0,1,male,31.0,0,0,50.4958,S,1,True,31.0,A,1,1,1,False,50.4958,Adult,0
869,0,3,male,,0,0,9.5,S,1,True,25.0,Unknown,1,1,1,False,9.5,YoungAdult,0
870,1,3,male,4.0,1,1,11.1333,S,3,False,4.0,Unknown,3,3,3,False,11.1333,Child,0
871,0,3,male,26.0,0,0,7.8958,S,1,True,26.0,Unknown,1,1,1,False,7.8958,YoungAdult,0
872,1,1,female,47.0,1,1,52.5542,S,3,False,47.0,D,2,2,2,False,52.5542,Adult,1
873,0,1,male,33.0,0,0,5.0,S,1,True,33.0,B,1,1,1,False,5.0,Adult,0
874,0,3,male,47.0,0,0,9.0,S,1,True,47.0,Unknown,1,1,1,False,9.0,Adult,0
875,1,2,female,28.0,1,0,24.0,C,2,False,28.0,Unknown,2,2,2,False,24.0,YoungAdult,1
876,1,3,female,15.0,0,0,7.225,C,1,True,15.0,Unknown,1,1,1,False,7.225,Teen,1
877,0,3,male,20.0,0,0,9.8458,S,1,True,20.0,Unknown,2,2,2,False,9.8458,YoungAdult,0
878,0,3,male,19.0,0,0,7.8958,S,1,True,19.0,Unknown,1,1,1,False,7.8958,YoungAdult,0
879,0,3,male,,0,0,7.8958,S,1,True,25.0,Unknown,1,1,1,False,7.8958,YoungAdult,0
880,1,1,female,56.0,0,1,83.1583,C,2,False,56.0,C,2,2,2,False,83.1583,Adult,1
881,1,2,female,25.0,0,1,26.0,S,2,False,25.0,Unknown,2,2,2,False,26.0,YoungAdult,1
882,0,3,male,33.0,0,0,7.8958,S,1,True,33.0,Unknown,1,1,1,False,7.8958,Adult,0
883,0,3,female,22.0,0,0,10.5167,S,1,True,22.0,Unknown,1,1,1,False,10.5167,YoungAdult,1
884,0,2,male,28.0,0,0,10.5,S,1,True,28.0,Unknown,1,1,1,False,10.5,YoungAdult,0
885,0,3,male,25.0,0,0,7.05,S,1,True,25.0,Unknown,1,1,1,False,7.05,YoungAdult,0
886,0,3,female,39.0,0,5,29.125,Q,6,False,39.0,Unknown,5,5,5,False,29.125,Adult,1
887,0,2,male,27.0,0,0,13.0,S,1,True,27.0,Unknown,1,1,1,False,13.0,YoungAdult,0
888,1,1,female,19.0,0,0,30.0,S,1,True,19.0,B,1,1,1,False,30.0,YoungAdult,1
889,0,3,female,,1,2,23.45,S,4,False,21.5,Unknown,2,2,2,False,23.45,YoungAdult,1
890,1,1,male,26.0,0,0,30.0,C,1,True,26.0,C,1,1,1,False,30.0,YoungAdult,0
891,0,3,male,32.0,0,0,7.75,Q,1,True,32.0,Unknown,1,1,1,False,7.75,Adult,0
